-- phpMyAdmin SQL Dump
-- version 4.9.1
-- https://www.phpmyadmin.net/
--
-- Servidor: 127.0.0.1
-- Tiempo de generación: 14-10-2019 a las 02:24:16
-- Versión del servidor: 10.4.8-MariaDB
-- Versión de PHP: 7.3.10

SET SQL_MODE = "NO_AUTO_VALUE_ON_ZERO";
SET AUTOCOMMIT = 0;
START TRANSACTION;
SET time_zone = "+00:00";


/*!40101 SET @OLD_CHARACTER_SET_CLIENT=@@CHARACTER_SET_CLIENT */;
/*!40101 SET @OLD_CHARACTER_SET_RESULTS=@@CHARACTER_SET_RESULTS */;
/*!40101 SET @OLD_COLLATION_CONNECTION=@@COLLATION_CONNECTION */;
/*!40101 SET NAMES utf8mb4 */;

--
-- Base de datos: `aria_db`
--

-- --------------------------------------------------------

--
-- Estructura de tabla para la tabla `alumno`
--

CREATE TABLE `alumno` (
  `idAlumno` int(22) NOT NULL,
  `nombreAlumno` varchar(250) COLLATE utf8_spanish2_ci NOT NULL,
  `apellidoAlumno` varchar(250) COLLATE utf8_spanish2_ci NOT NULL,
  `nCarnet` int(11) NOT NULL,
  `idCarrera` int(22) NOT NULL,
  `genero` varchar(1) COLLATE utf8_spanish2_ci NOT NULL
) ENGINE=InnoDB DEFAULT CHARSET=utf8 COLLATE=utf8_spanish2_ci;

--
-- Volcado de datos para la tabla `alumno`
--

INSERT INTO `alumno` (`idAlumno`, `nombreAlumno`, `apellidoAlumno`, `nCarnet`, `idCarrera`, `genero`) VALUES
(1, 'ALUMNO MATRICULA #', '8173', 9792, 4, 'F'),
(2, 'ALUMNO MATRICULA #', '5835', 9299, 1, 'F'),
(3, 'ALUMNO MATRICULA #', '2284', 8982, 2, 'F'),
(4, 'ALUMNO MATRICULA #', '6700', 9712, 3, 'F'),
(5, 'ALUMNO MATRICULA #', '9645', 9043, 3, 'F'),
(6, 'ALUMNO MATRICULA #', '8019', 9736, 4, 'F'),
(7, 'ALUMNO MATRICULA #', '3519', 9100, 6, 'F'),
(8, 'ALUMNO MATRICULA #', '1292', 9529, 1, 'F'),
(9, 'ALUMNO MATRICULA #', '5168', 9970, 2, 'F'),
(10, 'ALUMNO MATRICULA #', '4478', 8979, 6, 'F'),
(11, 'ALUMNO MATRICULA #', '1781', 9152, 5, 'F'),
(12, 'ALUMNO MATRICULA #', '8803', 9285, 3, 'F'),
(13, 'ALUMNO MATRICULA #', '9215', 8895, 5, 'F'),
(14, 'ALUMNO MATRICULA #', '1673', 9217, 3, 'F'),
(15, 'ALUMNO MATRICULA #', '3418', 9938, 3, 'F'),
(16, 'ALUMNO MATRICULA #', '2684', 9831, 3, 'F'),
(17, 'ALUMNO MATRICULA #', '8311', 9761, 3, 'F'),
(18, 'ALUMNO MATRICULA #', '1369', 9484, 2, 'F'),
(19, 'ALUMNO MATRICULA #', '2104', 9281, 3, 'F'),
(20, 'ALUMNO MATRICULA #', '4482', 9107, 2, 'F'),
(21, 'ALUMNO MATRICULA #', '3692', 9559, 2, 'F'),
(22, 'ALUMNO MATRICULA #', '2179', 9742, 4, 'F'),
(23, 'ALUMNO MATRICULA #', '8802', 9866, 6, 'F'),
(24, 'ALUMNO MATRICULA #', '8082', 9239, 6, 'F'),
(25, 'ALUMNO MATRICULA #', '1692', 8992, 2, 'F'),
(26, 'ALUMNO MATRICULA #', '3737', 9737, 4, 'F'),
(27, 'ALUMNO MATRICULA #', '5195', 9418, 4, 'F'),
(28, 'ALUMNO MATRICULA #', '3368', 9473, 6, 'F'),
(29, 'ALUMNO MATRICULA #', '3264', 8995, 2, 'F'),
(30, 'ALUMNO MATRICULA #', '5791', 8990, 2, 'F'),
(31, 'ALUMNO MATRICULA #', '9031', 9981, 1, 'F'),
(32, 'ALUMNO MATRICULA #', '9888', 9937, 2, 'F'),
(33, 'ALUMNO MATRICULA #', '3403', 8942, 6, 'F'),
(34, 'ALUMNO MATRICULA #', '6078', 9568, 3, 'F'),
(35, 'ALUMNO MATRICULA #', '8182', 8895, 4, 'F'),
(36, 'ALUMNO MATRICULA #', '1983', 9709, 1, 'F'),
(37, 'ALUMNO MATRICULA #', '8317', 8964, 1, 'F'),
(38, 'ALUMNO MATRICULA #', '5720', 9011, 5, 'F'),
(39, 'ALUMNO MATRICULA #', '5447', 9216, 6, 'F'),
(40, 'ALUMNO MATRICULA #', '1441', 9478, 6, 'F'),
(41, 'ALUMNO MATRICULA #', '8349', 9014, 3, 'F'),
(42, 'ALUMNO MATRICULA #', '8713', 9268, 2, 'F'),
(43, 'ALUMNO MATRICULA #', '1033', 9357, 2, 'F'),
(44, 'ALUMNO MATRICULA #', '9688', 9912, 3, 'F'),
(45, 'ALUMNO MATRICULA #', '7321', 9090, 2, 'F'),
(46, 'ALUMNO MATRICULA #', '3596', 9804, 3, 'F'),
(47, 'ALUMNO MATRICULA #', '8704', 9442, 1, 'F'),
(48, 'ALUMNO MATRICULA #', '7466', 9658, 4, 'F'),
(49, 'ALUMNO MATRICULA #', '3652', 9289, 2, 'F'),
(50, 'ALUMNO MATRICULA #', '7824', 8906, 6, 'F'),
(51, 'ALUMNO MATRICULA #', '3404', 9497, 2, 'M'),
(52, 'ALUMNO MATRICULA #', '7215', 9003, 3, 'M'),
(53, 'ALUMNO MATRICULA #', '9247', 9158, 2, 'M'),
(54, 'ALUMNO MATRICULA #', '4106', 9056, 3, 'M'),
(55, 'ALUMNO MATRICULA #', '8650', 9965, 4, 'M'),
(56, 'ALUMNO MATRICULA #', '2714', 9528, 1, 'M'),
(57, 'ALUMNO MATRICULA #', '1857', 9696, 3, 'M'),
(58, 'ALUMNO MATRICULA #', '8825', 9219, 4, 'M'),
(59, 'ALUMNO MATRICULA #', '9541', 9425, 2, 'M'),
(60, 'ALUMNO MATRICULA #', '4721', 9932, 3, 'M'),
(61, 'ALUMNO MATRICULA #', '2553', 9732, 4, 'M'),
(62, 'ALUMNO MATRICULA #', '9810', 9751, 4, 'M'),
(63, 'ALUMNO MATRICULA #', '7577', 9442, 1, 'M'),
(64, 'ALUMNO MATRICULA #', '8907', 9397, 2, 'M'),
(65, 'ALUMNO MATRICULA #', '7926', 8977, 4, 'M'),
(66, 'ALUMNO MATRICULA #', '4258', 9503, 1, 'M'),
(67, 'ALUMNO MATRICULA #', '5090', 9395, 3, 'M'),
(68, 'ALUMNO MATRICULA #', '5300', 8923, 1, 'M'),
(69, 'ALUMNO MATRICULA #', '3444', 9864, 1, 'M'),
(70, 'ALUMNO MATRICULA #', '5602', 9297, 6, 'M'),
(71, 'ALUMNO MATRICULA #', '6362', 9273, 1, 'M'),
(72, 'ALUMNO MATRICULA #', '8582', 9217, 1, 'M'),
(73, 'ALUMNO MATRICULA #', '9847', 9030, 1, 'M'),
(74, 'ALUMNO MATRICULA #', '5424', 9088, 3, 'M'),
(75, 'ALUMNO MATRICULA #', '6490', 9853, 6, 'M'),
(76, 'ALUMNO MATRICULA #', '3824', 9265, 4, 'M'),
(77, 'ALUMNO MATRICULA #', '4938', 9132, 1, 'M'),
(78, 'ALUMNO MATRICULA #', '3684', 9068, 3, 'M'),
(79, 'ALUMNO MATRICULA #', '7493', 9006, 4, 'M'),
(80, 'ALUMNO MATRICULA #', '1646', 9196, 3, 'M'),
(81, 'ALUMNO MATRICULA #', '6070', 9198, 5, 'M'),
(82, 'ALUMNO MATRICULA #', '5177', 9130, 5, 'M'),
(83, 'ALUMNO MATRICULA #', '3339', 9700, 1, 'M'),
(84, 'ALUMNO MATRICULA #', '3421', 9393, 6, 'M'),
(85, 'ALUMNO MATRICULA #', '8150', 9587, 6, 'M'),
(86, 'ALUMNO MATRICULA #', '5083', 9004, 1, 'M'),
(87, 'ALUMNO MATRICULA #', '9828', 9679, 4, 'M'),
(88, 'ALUMNO MATRICULA #', '8122', 9739, 3, 'M'),
(89, 'ALUMNO MATRICULA #', '6608', 9415, 1, 'M'),
(90, 'ALUMNO MATRICULA #', '1748', 9898, 5, 'M'),
(91, 'ALUMNO MATRICULA #', '9440', 9557, 6, 'M'),
(92, 'ALUMNO MATRICULA #', '2249', 9378, 1, 'M'),
(93, 'ALUMNO MATRICULA #', '5277', 9797, 2, 'M'),
(94, 'ALUMNO MATRICULA #', '4748', 9698, 5, 'M'),
(95, 'ALUMNO MATRICULA #', '3740', 9120, 2, 'M'),
(96, 'ALUMNO MATRICULA #', '8907', 9905, 6, 'M'),
(97, 'ALUMNO MATRICULA #', '2521', 9897, 1, 'M'),
(98, 'ALUMNO MATRICULA #', '5205', 9016, 6, 'M'),
(99, 'ALUMNO MATRICULA #', '5426', 9768, 1, 'M'),
(100, 'ALUMNO MATRICULA #', '6380', 8938, 2, 'M');

-- --------------------------------------------------------

--
-- Estructura de tabla para la tabla `autor`
--

CREATE TABLE `autor` (
  `idAutor` int(22) NOT NULL,
  `nombreAutor` varchar(250) COLLATE utf8_spanish2_ci NOT NULL
) ENGINE=InnoDB DEFAULT CHARSET=utf8 COLLATE=utf8_spanish2_ci;

--
-- Volcado de datos para la tabla `autor`
--

INSERT INTO `autor` (`idAutor`, `nombreAutor`) VALUES
(1, 'AUTOR 1'),
(2, 'AUTOR 2'),
(3, 'AUTOR 3'),
(4, 'AUTOR 4'),
(5, 'AUTOR 5'),
(6, 'AUTOR 6'),
(7, 'AUTOR 7'),
(8, 'AUTOR 8'),
(9, 'AUTOR 9'),
(10, 'AUTOR 10');

-- --------------------------------------------------------

--
-- Estructura de tabla para la tabla `carrera`
--

CREATE TABLE `carrera` (
  `idCarrera` int(22) NOT NULL,
  `nombreCarrera` varchar(250) COLLATE utf8_spanish2_ci NOT NULL
) ENGINE=InnoDB DEFAULT CHARSET=utf8 COLLATE=utf8_spanish2_ci;

--
-- Volcado de datos para la tabla `carrera`
--

INSERT INTO `carrera` (`idCarrera`, `nombreCarrera`) VALUES
(1, 'ING. SISTEMAS'),
(2, 'PSICOLOGIA'),
(3, 'ING. ELECTRONICA'),
(4, 'LIC. RECREACION Y DEPORTE'),
(5, 'LIC. PEDAGOGIA'),
(6, 'ING. INDUSTRIAL');

-- --------------------------------------------------------

--
-- Estructura de tabla para la tabla `categoria`
--

CREATE TABLE `categoria` (
  `idCategoria` int(22) NOT NULL,
  `nombreCategoria` varchar(150) COLLATE utf8_spanish2_ci NOT NULL
) ENGINE=InnoDB DEFAULT CHARSET=utf8 COLLATE=utf8_spanish2_ci;

--
-- Volcado de datos para la tabla `categoria`
--

INSERT INTO `categoria` (`idCategoria`, `nombreCategoria`) VALUES
(1, 'FISICO'),
(2, 'DIGITAL');

-- --------------------------------------------------------

--
-- Estructura de tabla para la tabla `editorial`
--

CREATE TABLE `editorial` (
  `idEditorial` int(22) NOT NULL,
  `nombreEditorial` varchar(200) COLLATE utf8_spanish2_ci NOT NULL
) ENGINE=InnoDB DEFAULT CHARSET=utf8 COLLATE=utf8_spanish2_ci;

--
-- Volcado de datos para la tabla `editorial`
--

INSERT INTO `editorial` (`idEditorial`, `nombreEditorial`) VALUES
(1, 'EDITORIAL 1'),
(2, 'EDITORIAL 2'),
(3, 'EDITORIAL 3'),
(4, 'EDITORIAL 4'),
(5, 'EDITORIAL 5'),
(6, 'EDITORIAL 6'),
(7, 'EDITORIAL 7'),
(8, 'EDITORIAL 8'),
(9, 'EDITORIAL 9'),
(10, 'EDITORIAL 10');

-- --------------------------------------------------------

--
-- Estructura de tabla para la tabla `libro`
--

CREATE TABLE `libro` (
  `idLibro` int(22) NOT NULL,
  `nombreLibro` varchar(250) COLLATE utf8_spanish2_ci NOT NULL,
  `idEditorial` int(22) NOT NULL,
  `anio` int(4) NOT NULL,
  `idCategoria` int(22) NOT NULL,
  `descripcion` text COLLATE utf8_spanish2_ci NOT NULL,
  `idAutor` int(22) NOT NULL
) ENGINE=InnoDB DEFAULT CHARSET=utf8 COLLATE=utf8_spanish2_ci;

--
-- Volcado de datos para la tabla `libro`
--

INSERT INTO `libro` (`idLibro`, `nombreLibro`, `idEditorial`, `anio`, `idCategoria`, `descripcion`, `idAutor`) VALUES
(1, 'REVISTA INGENIUM 28', 7, 1987, 2, 'LIBRO DIGITAL', 6),
(2, 'REVISTA HOLISTICA JURIDICA 10', 3, 1986, 1, 'FORMATO FISICO', 7),
(3, 'REVISTA HOLISTICA JURIDICA 11', 10, 1990, 2, 'LIBRO DIGITAL', 8),
(4, 'UNA PUERTA A LA PALABRA', 4, 2006, 2, 'LIBRO DIGITAL', 10),
(5, 'EL MAN ESTA VIVO', 2, 1998, 1, 'FORMATO FISICO', 4),
(6, 'EL MAN ESTA VIVO PARA NIÑOS', 4, 2009, 1, 'FORMATO FISICO', 3),
(7, 'EL MAN ESTA VIVO PARA JOVENES', 5, 1992, 2, 'LIBRO DIGITAL', 7),
(8, 'REVISTA EL AGORA USB VOL 12 # 2', 6, 1998, 1, 'FORMATO FISICO', 6),
(9, 'REVISTA EL AGORA USB VOL 13 # 2', 8, 1990, 1, 'FORMATO FISICO', 10),
(10, 'REVISTA EL AGORA VOL 13 # 1', 5, 1988, 1, 'FORMATO FISICO', 9),
(11, 'LOS MODELOS FACTORIALES BIOLOGICOS EN EL', 8, 1994, 1, 'FORMATO FISICO', 3),
(12, 'PSICOLOGIA DE LOS CONSTRUCTOS PERSONALES', 4, 2006, 2, 'LIBRO DIGITAL', 8),
(13, 'CASOS DE TERAPIA DE CONSTRUCTOS PERSONAL', 4, 2008, 1, 'FORMATO FISICO', 5),
(14, 'EXPLORACION DEL DETERIORO ORGANICO', 2, 1995, 2, 'LIBRO DIGITAL', 9),
(15, 'LOS FRANCISCANOS ENSEÑAN A ORAR', 10, 2002, 1, 'FORMATO FISICO', 7),
(16, 'LA OSADIA DE SER PERSONA', 10, 1981, 1, 'FORMATO FISICO', 6),
(17, 'QUIEN FUE EL VIRREY FRAILE', 3, 1988, 2, 'LIBRO DIGITAL', 9),
(18, 'LA FORMACION EN VALORES OBSEQUIO', 5, 1995, 1, 'FORMATO FISICO', 1),
(19, 'FRANCISCANUM REVISTA DE LAS CIENCIAS DEL', 10, 2002, 1, 'FORMATO FISICO', 2),
(20, 'INTINERARIO EDUCATIVO # 61', 7, 1988, 2, 'LIBRO DIGITAL', 2),
(21, 'REVISTA INGENIUM 27', 6, 1996, 2, 'LIBRO DIGITAL', 8),
(22, 'CULTURA LATINOAMERICANA N 15', 3, 1980, 1, 'FORMATO FISICO', 7),
(23, 'ORACIONES DE SANACION', 3, 2013, 2, 'LIBRO DIGITAL', 9),
(24, 'EL DIVORCIO EL CANCER DE ESTE SIGLO', 7, 1987, 2, 'LIBRO DIGITAL', 2),
(25, 'ULYSSES', 10, 1986, 1, 'FORMATO FISICO', 4),
(26, 'THE LITTLE PRINCE', 5, 1984, 2, 'LIBRO DIGITAL', 2),
(27, 'PETER PAN', 10, 1989, 1, 'FORMATO FISICO', 8),
(28, 'THE ADVENTURES OF ROBIN HOOD', 8, 2016, 1, 'FORMATO FISICO', 3),
(29, 'THE SECRET GARDEN', 6, 2012, 1, 'FORMATO FISICO', 4),
(30, 'SALVANDO VIDAS', 5, 2009, 1, 'FORMATO FISICO', 2),
(31, 'EL PODER DE ESCUCHAR', 9, 2008, 1, 'FORMATO FISICO', 3),
(32, 'PIEL DE AGUA', 4, 1981, 1, 'FORMATO FISICO', 4),
(33, 'CRECER A GOLPES', 1, 2007, 2, 'LIBRO DIGITAL', 7),
(34, 'EL ARTISTA QUE PINTO UN CABALLO AZUL', 8, 1981, 2, 'LIBRO DIGITAL', 5),
(35, 'DICCIONARIO ESPAÑOPL INGLES', 6, 2013, 2, 'LIBRO DIGITAL', 9),
(36, 'NO HAY CAUSA PERDIDA', 2, 2004, 1, 'FORMATO FISICO', 4),
(37, 'POR QUE EL FUTBOL IMPORTA', 9, 2007, 1, 'FORMATO FISICO', 7),
(38, 'CUANDO COMENZARA EL CIELO', 7, 2004, 1, 'FORMATO FISICO', 1),
(39, 'OTHELLO', 9, 1980, 1, 'FORMATO FISICO', 3),
(40, 'THE TEMPEST', 8, 2007, 2, 'LIBRO DIGITAL', 4),
(41, 'MADAME BOVARY', 5, 2006, 1, 'FORMATO FISICO', 6),
(42, 'CRIME AND PUNISHMENT', 2, 1985, 2, 'LIBRO DIGITAL', 10),
(43, 'PRIDE AND PREJUDICE', 3, 2001, 2, 'LIBRO DIGITAL', 1),
(44, 'EMMA EN INGLES', 2, 1984, 2, 'LIBRO DIGITAL', 7),
(45, 'PERSUASION', 7, 1988, 2, 'LIBRO DIGITAL', 2),
(46, 'LORD JIM EN INCLES', 9, 2016, 2, 'LIBRO DIGITAL', 2),
(47, 'ALICES ADVENTURES IN WONDERLAND', 4, 2018, 1, 'FORMATO FISICO', 2),
(48, 'MOBY DICK', 9, 1980, 2, 'LIBRO DIGITAL', 4),
(49, 'THANKLESS IN DEATH', 1, 1999, 2, 'LIBRO DIGITAL', 2),
(50, 'EL ESTATUTO JURIDICO DEL FIEL CRISTIANO', 1, 1988, 2, 'LIBRO DIGITAL', 4),
(51, 'SOLO PARA CHICOS', 10, 2016, 2, 'LIBRO DIGITAL', 4),
(52, 'UNA ORACION PARA CADA DIA', 8, 1989, 2, 'LIBRO DIGITAL', 1),
(53, 'AVENTURAS ALUCINANTES CARS', 1, 2006, 1, 'FORMATO FISICO', 8),
(54, 'PRIDE Y PREJUDICE', 7, 2014, 1, 'FORMATO FISICO', 5),
(55, 'ANNA KARENINA A FASHION PRIMER', 5, 1987, 2, 'LIBRO DIGITAL', 8),
(56, 'MUU MUU', 6, 1994, 2, 'LIBRO DIGITAL', 9),
(57, 'ANIMALES EN 3D', 10, 2015, 1, 'FORMATO FISICO', 1),
(58, 'LIBRO DEL CUERPO HUMANO 3D', 10, 1987, 2, 'LIBRO DIGITAL', 9),
(59, 'TOCA Y SIENTE COLORES', 9, 2012, 2, 'LIBRO DIGITAL', 7),
(60, 'TOCA Y SIENTE ANIMALES', 2, 1994, 1, 'FORMATO FISICO', 5),
(61, 'EL CUERPO HUMANO 7 LAMINAS GIGANTES 3D', 2, 2010, 1, 'FORMATO FISICO', 10),
(62, 'EL UNIVERSO 3D', 7, 2016, 2, 'LIBRO DIGITAL', 4),
(63, 'ANIMALES INCREIBLES 7 LAMINAS GIGANTES', 6, 2015, 2, 'LIBRO DIGITAL', 8),
(64, 'POWER RANGERS SAMURAI LIBRO GIGANTE PARA', 5, 2013, 2, 'LIBRO DIGITAL', 6),
(65, 'DORA LA EXPLORADORA AVENTURA MAGICA DEL', 6, 2012, 1, 'FORMATO FISICO', 5),
(66, 'ACTIVIDADES DE SAMURAI', 5, 1988, 1, 'FORMATO FISICO', 9),
(67, 'POWER RANGERS SAMURAI MEGABLOC PARA COLO', 6, 1987, 1, 'FORMATO FISICO', 3),
(68, 'BAMBI 3D CUENTO', 10, 1981, 2, 'LIBRO DIGITAL', 7),
(69, 'A VER EL MUNDO NOS VAMOS', 1, 1991, 2, 'LIBRO DIGITAL', 5),
(70, 'LIBRO PARA CHICOS', 8, 1990, 2, 'LIBRO DIGITAL', 2),
(71, 'LIBRO PARA CHICAS', 2, 1992, 1, 'FORMATO FISICO', 10),
(72, 'MUNDO DE COLOR CON MICKEY MOUSE Y SUS AM', 10, 2001, 1, 'FORMATO FISICO', 6),
(73, 'MUNDO DE COLOR CON PRINCESAS', 5, 1999, 2, 'LIBRO DIGITAL', 9),
(74, 'MUNDO DE COLOR CON LAS ESTRELLAS DE PIXA', 10, 1995, 2, 'LIBRO DIGITAL', 9),
(75, 'SI TU PUEDES NOSOTROS PODEMOS', 4, 2011, 2, 'LIBRO DIGITAL', 9),
(76, 'ANTES DE IRME A DORMIR PEQUEÑO', 7, 2007, 2, 'LIBRO DIGITAL', 2),
(77, 'BEBE OSO APRENDER A DECIR POR FAVOR PEQU', 3, 1993, 2, 'LIBRO DIGITAL', 4),
(78, 'BACKGAMMON', 9, 1991, 1, 'FORMATO FISICO', 9),
(79, 'EL PAIS DE LAS HADAS 2000 STICKERS', 8, 1980, 2, 'LIBRO DIGITAL', 3),
(80, '365 HISTORIAS DE LA BIBLIA Y ORACIONES', 3, 1997, 2, 'LIBRO DIGITAL', 10),
(81, 'FELICES SUEÑOS', 5, 2002, 1, 'FORMATO FISICO', 2),
(82, 'AL CONEJITO LE ENCANTA ESCRIBIR', 8, 2009, 1, 'FORMATO FISICO', 6),
(83, 'HADA', 9, 2001, 1, 'FORMATO FISICO', 1),
(84, 'ASOMBROSOS DINOSAURIOS', 5, 1995, 2, 'LIBRO DIGITAL', 7),
(85, 'LUNA EL HADA DE LOS DIENTES', 8, 1992, 2, 'LIBRO DIGITAL', 7),
(86, 'BAILARINA', 1, 2005, 2, 'LIBRO DIGITAL', 7),
(87, 'ANTES DE IR A DORMIR GRANDE', 8, 2004, 1, 'FORMATO FISICO', 6),
(88, 'AL CONEJITO LE ENCANTA LEER', 9, 1986, 1, 'FORMATO FISICO', 8),
(89, 'BEBE OSO APRENDE A DECIR POR FAVOR', 1, 2005, 1, 'FORMATO FISICO', 5),
(90, 'BAMBI LIBRO Y CD', 8, 1999, 1, 'FORMATO FISICO', 10),
(91, 'AVIONES CLASICOS DISNEY', 10, 1982, 1, 'FORMATO FISICO', 10),
(92, 'LOS MEJORES CUENTOS CLASICOS', 7, 2015, 1, 'FORMATO FISICO', 9),
(93, 'PRINCESAS 2000 STICKERS', 8, 2003, 1, 'FORMATO FISICO', 10),
(94, 'EL LA GRANJA DE PEPITO', 5, 2013, 2, 'LIBRO DIGITAL', 6),
(95, 'COSAS DE CHICOS AVIONES DE PAPEL', 5, 1995, 2, 'LIBRO DIGITAL', 1),
(96, 'CUENTOS PARA IR A DORMIR', 9, 1983, 2, 'LIBRO DIGITAL', 2),
(97, 'MONTONES DE ROBOTS', 4, 2012, 1, 'FORMATO FISICO', 6),
(98, 'MI BIBLIA PARA LLEVAR', 9, 1982, 1, 'FORMATO FISICO', 10),
(99, 'CUENTOS PARA COMPARTIR', 4, 1981, 1, 'FORMATO FISICO', 3),
(100, 'BAR DE JUGOS', 8, 1997, 1, 'FORMATO FISICO', 4),
(101, 'BAILARINA VUELTAS Y PIRUETAS', 8, 2004, 2, 'LIBRO DIGITAL', 5),
(102, 'MI BIBLIA LIBRO DE PASATIEMPOS', 2, 2004, 1, 'FORMATO FISICO', 8),
(103, 'GRANDES BATALLAS Y EJERCITOS', 3, 2007, 2, 'LIBRO DIGITAL', 5),
(104, 'LES MISERABLES', 10, 2006, 2, 'LIBRO DIGITAL', 1),
(105, 'FRANKENSTEIN', 6, 1989, 1, 'FORMATO FISICO', 2),
(106, 'AJEDREZ PORTATIL', 10, 2015, 2, 'LIBRO DIGITAL', 6),
(107, 'EL LIBRO DE URANTIA', 7, 2018, 1, 'FORMATO FISICO', 10),
(108, '900 MANERAS DE HACER MAS PLACENTERA TU V', 1, 2003, 2, 'LIBRO DIGITAL', 2),
(109, 'CHISTES PARA ADULTOS', 3, 2003, 2, 'LIBRO DIGITAL', 3),
(110, 'LOS HORNOS DE HITLER', 10, 1983, 2, 'LIBRO DIGITAL', 7),
(111, 'DIOS NUCA PARPADEA', 10, 2007, 1, 'FORMATO FISICO', 7),
(112, 'LA CAIDA TRILOGIA TRYLLE II', 2, 2016, 2, 'LIBRO DIGITAL', 9),
(113, 'LOS INVITADOS DE LA PRINCESA', 8, 2017, 1, 'FORMATO FISICO', 5),
(114, 'LA EMOCION DE LAS COSAS', 4, 1989, 2, 'LIBRO DIGITAL', 9),
(115, 'LA MELLIZAS VIPERINAS', 6, 2018, 2, 'LIBRO DIGITAL', 10),
(116, 'MUY PERSONAL SABINA', 5, 2017, 1, 'FORMATO FISICO', 1),
(117, 'GIORDANO BRUNO FORASTERO EN EL UNIVERSO', 7, 2003, 1, 'FORMATO FISICO', 9),
(118, 'PROCESOS BASICOS EN PSICOTERAPIA', 7, 2003, 1, 'FORMATO FISICO', 9),
(119, 'NEUROPSICOLOGIA DEL DESARROLLO INFANTIL', 10, 1980, 1, 'FORMATO FISICO', 5),
(120, 'MANUAL DE PUBLICACIONES DE LA AMERICAN P', 3, 2013, 2, 'LIBRO DIGITAL', 7),
(121, 'PSICOTERAPIA INFANTIL CON JUEGOS', 7, 2007, 2, 'LIBRO DIGITAL', 9),
(122, 'MANUAL DE AUTO CONTROL DEL ENOJO', 2, 2013, 1, 'FORMATO FISICO', 6),
(123, 'FUNDAMENTOS PARA LA EVALUACION NEURO', 4, 2018, 1, 'FORMATO FISICO', 2),
(124, 'APLICACIONES CLINICAS DEL MMPI', 5, 2016, 2, 'LIBRO DIGITAL', 6),
(125, 'EVALUACION PSICOLOGICA', 10, 2017, 2, 'LIBRO DIGITAL', 6),
(126, 'MANUAL DE PRACTICA BASICA MOTIVACION Y E', 5, 1994, 2, 'LIBRO DIGITAL', 5),
(127, 'MANUAL DE PRACTICA BASICA DEL ADULTO MAY', 2, 1999, 2, 'LIBRO DIGITAL', 10),
(128, 'MANUAL BASICO DE INVESTIGACION CIENTIFIC', 1, 2012, 2, 'LIBRO DIGITAL', 8),
(129, 'CLAVES PARA LA EVALUACION CON WISC 2 ED', 4, 2008, 1, 'FORMATO FISICO', 10),
(130, 'PSICOLOGIA LA CIENCIA DE LA MENTE Y LA C', 9, 2012, 1, 'FORMATO FISICO', 3),
(131, 'EL CEREBRO Y LA CONDUCTA NEUROANATOMIA', 9, 1995, 1, 'FORMATO FISICO', 9),
(132, 'FUNDAMENTOS DE TERAPIA DE JUEGO 2 ED', 10, 1986, 2, 'LIBRO DIGITAL', 8),
(133, 'DESARROLLO NEUROPSICOLOGICO DE LOBULOS F', 1, 1993, 1, 'FORMATO FISICO', 5),
(134, 'ESTRES Y SALUD', 7, 1983, 1, 'FORMATO FISICO', 8),
(135, 'PSICOLOGOS Y PSICOANALISTAS EN HOSPITALE', 7, 2006, 2, 'LIBRO DIGITAL', 9),
(136, 'COMO PROPICIAR EL TALENTO Y LA CREATIVID', 10, 1989, 2, 'LIBRO DIGITAL', 9),
(137, 'SUSTENTABILIDAD Y PSICOLOGIA POSITIVA', 1, 1994, 1, 'FORMATO FISICO', 8),
(138, 'DISLEXIA DEFINICION E INTEVENCION EN HIS', 10, 1994, 2, 'LIBRO DIGITAL', 5),
(139, 'TENDENCIAS ACTUALES DE LAS NEUROCIENCIAS', 7, 1987, 2, 'LIBRO DIGITAL', 10),
(140, 'MANUAL DE INVESTIGACION CLINICA', 2, 2003, 1, 'FORMATO FISICO', 4),
(141, 'PSICOLOGIA HISTORIA TEORIA Y PROCESOS BA', 1, 1991, 1, 'FORMATO FISICO', 8),
(142, 'CEREBRO Y DROGAS 1 ED', 7, 1997, 1, 'FORMATO FISICO', 2),
(143, 'LOS ROSTROS DE LA HOMOSEXUALIDAD', 7, 1987, 1, 'FORMATO FISICO', 6),
(144, 'ENFOQUE SISTEMICO UNA INTRODUCCION A LA', 3, 2000, 2, 'LIBRO DIGITAL', 10),
(145, 'ESTIMULACION Y CORRECCION DEL LENGUAJE', 1, 2017, 1, 'FORMATO FISICO', 1),
(146, 'RECLUTAMIENTO SELECCION CONTRATACION 4', 4, 2000, 1, 'FORMATO FISICO', 9),
(147, 'MENTES CRIMINALES', 6, 2012, 1, 'FORMATO FISICO', 8),
(148, 'PROMOCION DE LA SALUD SEXUAL EN JOVENES', 10, 1983, 2, 'LIBRO DIGITAL', 2),
(149, 'PSICOPATOLOGIA RIESGO Y TRATAMIENTO DE L', 3, 2009, 1, 'FORMATO FISICO', 2),
(150, 'JUVENPICE JUEGO VEO PIENSO CREO ESCUCHO', 9, 1986, 2, 'LIBRO DIGITAL', 5),
(151, 'REHABILITACION NEUROPSICOLOGICA 1ED', 8, 2014, 2, 'LIBRO DIGITAL', 3),
(152, 'BULLYING ASAMBLEAS ESCOLARES', 8, 1991, 2, 'LIBRO DIGITAL', 4),
(153, 'MANUAL PIBA', 1, 1992, 2, 'LIBRO DIGITAL', 4),
(154, 'APORTACIONES A LA PSICOLOGIA JURIDICA Y', 3, 1999, 2, 'LIBRO DIGITAL', 1),
(155, 'DICCIONARIO DE TERMINOLOGIA CONTABLE', 9, 1998, 1, 'FORMATO FISICO', 7),
(156, 'MENTES ASESINAS', 1, 1998, 1, 'FORMATO FISICO', 1),
(157, 'REFRANES Y SU SIGNIFICADO', 6, 1997, 2, 'LIBRO DIGITAL', 4),
(158, 'EL AYUNO', 1, 2012, 2, 'LIBRO DIGITAL', 8),
(159, '100 MANERAS DE COMBATIR EL ESTRES', 8, 2014, 1, 'FORMATO FISICO', 2),
(160, 'MADRE TERESA REFLEXIONES PARA EL ALMA', 6, 2011, 1, 'FORMATO FISICO', 3),
(161, 'LAS 100 MEJORES PELICULAS', 3, 1996, 1, 'FORMATO FISICO', 2),
(162, '200 GRANDES PINTORES', 7, 2011, 1, 'FORMATO FISICO', 10),
(163, 'AMARTE ES', 2, 2006, 2, 'LIBRO DIGITAL', 4),
(164, 'TAURO', 10, 1989, 2, 'LIBRO DIGITAL', 5),
(165, 'GEMINIS', 5, 2012, 2, 'LIBRO DIGITAL', 3),
(166, 'CANCER', 5, 1981, 2, 'LIBRO DIGITAL', 8),
(167, 'LEO', 4, 1985, 1, 'FORMATO FISICO', 2),
(168, 'VIRGO', 8, 1998, 2, 'LIBRO DIGITAL', 5),
(169, 'SAGITARIO', 3, 2018, 2, 'LIBRO DIGITAL', 10),
(170, 'PISCIS', 6, 1993, 2, 'LIBRO DIGITAL', 5),
(171, 'MENSAJES PARA TODA LA VIDA TOMO II', 4, 1987, 1, 'FORMATO FISICO', 6),
(172, '365 MENSAJES PARA VIVIR EN ARMONIA Y PRO', 6, 2004, 2, 'LIBRO DIGITAL', 3),
(173, 'CUENTOS DE TERROR 2', 9, 1988, 1, 'FORMATO FISICO', 8),
(174, 'EL MUNDO MAGICO DE LOS DUENDES', 5, 2000, 2, 'LIBRO DIGITAL', 6),
(175, 'PASION POR EL VINO', 8, 2002, 1, 'FORMATO FISICO', 9),
(176, 'SOLO PARA CHICAS', 2, 2004, 2, 'LIBRO DIGITAL', 7),
(177, 'SOLO PARA JOVENES', 5, 2016, 1, 'FORMATO FISICO', 6),
(178, 'ESTRELLAS DEL FUTBOL', 7, 1995, 2, 'LIBRO DIGITAL', 8),
(179, 'SALMOS', 2, 2009, 1, 'FORMATO FISICO', 8),
(180, 'EL ARTE DE LA GUERRA', 5, 2000, 1, 'FORMATO FISICO', 4),
(181, 'LA ILIADA TOMO I Y II', 9, 1997, 2, 'LIBRO DIGITAL', 3),
(182, 'LA ODISEA TOMO I Y II', 5, 2000, 2, 'LIBRO DIGITAL', 10),
(183, 'FABULAS DE ESOPO', 4, 1991, 2, 'LIBRO DIGITAL', 1),
(184, '1100 MENSAJES DE TEXTO', 1, 1999, 2, 'LIBRO DIGITAL', 3),
(185, 'ANTIGUO Y NUEVO TESTAMENTO', 8, 1981, 1, 'FORMATO FISICO', 8),
(186, 'EL ANTICRISTO', 5, 2005, 2, 'LIBRO DIGITAL', 2),
(187, 'OTELO', 3, 1994, 2, 'LIBRO DIGITAL', 1),
(188, 'ROMEO Y JULIETA', 10, 1991, 2, 'LIBRO DIGITAL', 10),
(189, 'SUEÑO DE UNA NOCHE DE VERANO', 1, 2004, 1, 'FORMATO FISICO', 1),
(190, 'LAS MAS HERMOSAS ENSEÑANZAS DE LA BIBLIA', 3, 1988, 2, 'LIBRO DIGITAL', 5),
(191, 'MENSAJES PARA TODA LA VIDA TOMO I', 9, 1984, 2, 'LIBRO DIGITAL', 10),
(192, 'JUAN PABLO II EL PENSAMIENTO VIVO', 7, 2006, 2, 'LIBRO DIGITAL', 5),
(193, 'KAMA SUTRA', 8, 2004, 1, 'FORMATO FISICO', 4),
(194, 'EL PRINCIPITO', 8, 2014, 1, 'FORMATO FISICO', 7),
(195, 'CHISTES PARA NIÑOS', 5, 2001, 1, 'FORMATO FISICO', 1),
(196, 'AMAZONIA EXTREMA', 5, 2010, 1, 'FORMATO FISICO', 10),
(197, '2000 NOMBRES Y SU SIGNIFICADO', 6, 1990, 2, 'LIBRO DIGITAL', 5),
(198, 'EL PLACER DE LOS COCTELES', 3, 1999, 1, 'FORMATO FISICO', 10),
(199, 'CUENTOS EN LA CANCHA', 5, 2000, 2, 'LIBRO DIGITAL', 1),
(200, 'EL VIENTO POR LA CERRADURA', 1, 2004, 1, 'FORMATO FISICO', 3),
(201, 'COBRA', 2, 2011, 1, 'FORMATO FISICO', 6),
(202, 'EL CONTRATO', 10, 2013, 1, 'FORMATO FISICO', 3),
(203, 'EL QUINTO JINETE', 9, 1996, 1, 'FORMATO FISICO', 6),
(204, 'ARDE PARIS', 10, 2017, 2, 'LIBRO DIGITAL', 4),
(205, 'UN ESCRITOR EN GUERRA', 9, 1988, 1, 'FORMATO FISICO', 3),
(206, 'LAZOS DE SANGRE 4 DESIGNIO', 3, 2010, 1, 'FORMATO FISICO', 8),
(207, 'LA DOCTRINA DEL SHOCK EL AUGE DEL CAPITA', 10, 1997, 2, 'LIBRO DIGITAL', 10),
(208, 'LOS ASESINOS DEL EMPERADOR', 3, 2002, 1, 'FORMATO FISICO', 3),
(209, 'EL RETORNO', 6, 2009, 2, 'LIBRO DIGITAL', 1),
(210, 'JESUS DE NAZARET', 8, 1988, 2, 'LIBRO DIGITAL', 6),
(211, 'CAROLINA SE ENAMORA', 5, 2002, 2, 'LIBRO DIGITAL', 9),
(212, 'EL INFIERNO DE GABRIEL', 9, 2003, 2, 'LIBRO DIGITAL', 8),
(213, 'NE ME IRE SIN DECIRTE A DONDE VOY', 2, 1984, 1, 'FORMATO FISICO', 4),
(214, 'ESTA NOCHE DIME QUE ME QUIERES', 4, 1996, 1, 'FORMATO FISICO', 5),
(215, 'LAS COSAS QUE NO NOS DIJOMOS', 3, 2012, 1, 'FORMATO FISICO', 9),
(216, 'EL EXPERIMENTO', 9, 1994, 1, 'FORMATO FISICO', 2),
(217, 'COSMOS', 5, 2013, 2, 'LIBRO DIGITAL', 7),
(218, 'LA QUIMICA SECRETA DE LOS ENCUENTROS', 10, 2003, 2, 'LIBRO DIGITAL', 6),
(219, 'ERES LO QUE COMES', 9, 1994, 1, 'FORMATO FISICO', 3),
(220, 'RUBICON', 8, 1984, 1, 'FORMATO FISICO', 6),
(221, 'EL PRINCIPE DE LA NIEBLA', 9, 1997, 1, 'FORMATO FISICO', 6),
(222, 'NAPOLEON LA NOVELA', 1, 2010, 1, 'FORMATO FISICO', 8),
(223, 'OSHO AUTOBIOGRAFIA', 10, 2008, 2, 'LIBRO DIGITAL', 5),
(224, 'EL METODO', 6, 1988, 1, 'FORMATO FISICO', 6),
(225, 'EL SECRETO DE DARWIN', 2, 1984, 2, 'LIBRO DIGITAL', 3),
(226, 'LA VENGANZA DE LA TIERRA', 1, 1997, 2, 'LIBRO DIGITAL', 2),
(227, 'NUEVOS CUENTOS PARA ANTES DE IR A DORMIR', 2, 1987, 2, 'LIBRO DIGITAL', 4),
(228, 'CESAR IMPERATOR', 10, 2017, 1, 'FORMATO FISICO', 1),
(229, 'NUNCA RENUNCIES A TUS SUEÑOS', 10, 2012, 2, 'LIBRO DIGITAL', 1),
(230, 'TIERRA FIRME', 1, 1981, 2, 'LIBRO DIGITAL', 1),
(231, 'MARINA', 2, 1981, 1, 'FORMATO FISICO', 1),
(232, 'EL PEDESTAL DE LAS ESTATUAS', 2, 1982, 2, 'LIBRO DIGITAL', 1),
(233, 'INVOCACION CRONICAS VAMPIRICAS IV', 5, 2012, 1, 'FORMATO FISICO', 7),
(234, 'RICKY B UNA HISTORIA OFICIALMENTE IMPOSI', 6, 2007, 2, 'LIBRO DIGITAL', 10),
(235, 'BREVE HISTORIA DEL SABER', 4, 1998, 1, 'FORMATO FISICO', 4),
(236, 'UN MILAGRO EN EQUILIBRIO', 1, 1984, 2, 'LIBRO DIGITAL', 7),
(237, 'CALIENTE PLANA Y ABARROTADA', 1, 2000, 1, 'FORMATO FISICO', 8),
(238, 'PERDONA SI TE LLAMO AMOR', 4, 2005, 1, 'FORMATO FISICO', 4),
(239, 'TUTANKAMON', 8, 2015, 2, 'LIBRO DIGITAL', 7),
(240, 'YA ERES MAMA', 7, 2003, 1, 'FORMATO FISICO', 4),
(241, 'CORAZON Y MENTE', 7, 2013, 2, 'LIBRO DIGITAL', 4),
(242, 'FLOX DE LOS COLORES', 6, 2007, 2, 'LIBRO DIGITAL', 7),
(243, 'DE FOCAS DALTONICAS Y ALCES BORRACHOS', 5, 2011, 2, 'LIBRO DIGITAL', 2),
(244, 'UN ARCO IRIS EN LA NOCHE', 1, 1990, 1, 'FORMATO FISICO', 8),
(245, 'LOS PAPELES DE AGUA', 9, 1996, 1, 'FORMATO FISICO', 1),
(246, 'ANTONIO Y CLEOPATRA', 6, 2010, 2, 'LIBRO DIGITAL', 1),
(247, 'EL ANATOMISTA', 6, 2011, 2, 'LIBRO DIGITAL', 7),
(248, 'LA CARTUJA DE PARMA', 3, 1981, 1, 'FORMATO FISICO', 2),
(249, 'ELLA QUE TODOLO TUVO', 10, 2014, 1, 'FORMATO FISICO', 6),
(250, 'NIGHT WORLD I HIJAS DE LA NOCHE', 5, 1993, 1, 'FORMATO FISICO', 3),
(251, 'TENGO GANAS DE TI', 6, 2018, 1, 'FORMATO FISICO', 10),
(252, 'GUERRA Y PAZ', 6, 2002, 2, 'LIBRO DIGITAL', 2),
(253, 'AUGE Y CAIDA DEL TERCER REICH VOLUMEN I', 2, 2015, 2, 'LIBRO DIGITAL', 2),
(254, 'NIGHT WORLD II LAS ELEGIDAS', 9, 2013, 1, 'FORMATO FISICO', 7),
(255, 'AUGE Y CAIDA DEL TERCER REICH VOLUMEN II', 6, 2001, 1, 'FORMATO FISICO', 5),
(256, 'EL CODIGO DA VINCI', 3, 1996, 2, 'LIBRO DIGITAL', 7),
(257, 'ESTA NOCHE LA LIBERTAD', 4, 2010, 2, 'LIBRO DIGITAL', 4),
(258, 'EL PALACIO DE LA MEDIA NOCHE', 5, 1999, 1, 'FORMATO FISICO', 6),
(259, 'NIGHT WOLD III CAZADORA', 4, 2015, 1, 'FORMATO FISICO', 5),
(260, 'LAS LUCES DE SEPTIEMBRE', 4, 1999, 1, 'FORMATO FISICO', 3),
(261, 'EL PRIMER DIA', 10, 2003, 2, 'LIBRO DIGITAL', 1),
(262, 'CRIMEN EN MANSFIELD PARK', 7, 1983, 2, 'LIBRO DIGITAL', 4),
(263, 'PEQUEÑO TEATRO', 1, 2003, 2, 'LIBRO DIGITAL', 8),
(264, 'LA DAMA AZUL', 2, 2009, 1, 'FORMATO FISICO', 10),
(265, 'PERDONA PERO QUIERO CASARME CON TIGO', 7, 1983, 1, 'FORMATO FISICO', 6),
(266, 'EL PRIMER HOMBRE DE ROMA', 7, 2006, 2, 'LIBRO DIGITAL', 7),
(267, 'LA CORONA DE HIERBA', 8, 1997, 1, 'FORMATO FISICO', 7),
(268, 'JUAN PABLO II EL FINAL Y EL PRINCIPIO', 3, 1984, 1, 'FORMATO FISICO', 8),
(269, 'DESTINO LIBERTAD Y ALMA', 1, 1993, 1, 'FORMATO FISICO', 6),
(270, 'EL DIA D', 2, 1998, 2, 'LIBRO DIGITAL', 2),
(271, 'EL HIPNOTISTA', 7, 1980, 2, 'LIBRO DIGITAL', 1),
(272, 'COMO SER CULTO', 5, 1992, 2, 'LIBRO DIGITAL', 3),
(273, 'PORTATE BIEN', 9, 1998, 1, 'FORMATO FISICO', 5),
(274, 'EL JUEGO DEL ANGEL', 2, 1999, 1, 'FORMATO FISICO', 3),
(275, 'NO QUIERO MATARTE', 6, 2014, 2, 'LIBRO DIGITAL', 8),
(276, 'LA MIRADA DE UNA MUJER', 9, 1981, 1, 'FORMATO FISICO', 9),
(277, 'ROSWELL SECRETO DE ESTADO', 4, 2017, 1, 'FORMATO FISICO', 3),
(278, 'LA VIDENTE', 2, 2010, 1, 'FORMATO FISICO', 1),
(279, 'LOS ASESINOS DEL EMPERADOR', 4, 1983, 1, 'FORMATO FISICO', 9),
(280, 'EL SIMBOLO PERTDIDO', 4, 2015, 2, 'LIBRO DIGITAL', 3),
(281, 'EL SECRETO DE LAS GEMELAS', 1, 1991, 1, 'FORMATO FISICO', 1),
(282, 'EL VALLE DEL ASOMBRO', 10, 2003, 1, 'FORMATO FISICO', 3),
(283, 'ANACONDA Y OTROS CUENTOS', 3, 1989, 1, 'FORMATO FISICO', 3),
(284, 'CUENTOS DE LA ALHAMBRA', 7, 1986, 2, 'LIBRO DIGITAL', 2),
(285, 'RETORICAS DEL CRIMEN', 8, 2010, 1, 'FORMATO FISICO', 4),
(286, 'MARTIN FIERRO', 5, 2000, 1, 'FORMATO FISICO', 7),
(287, 'EL PRINCIPE PITO', 1, 2014, 1, 'FORMATO FISICO', 8),
(288, 'PEP GUARDIOLA OTRA MANERA DE GANAR', 2, 1987, 2, 'LIBRO DIGITAL', 9),
(289, 'EL GATO', 4, 1981, 1, 'FORMATO FISICO', 2),
(290, 'NO SE DONDE ESTA EL LIMITE PERO SI SE DO', 4, 2006, 2, 'LIBRO DIGITAL', 6),
(291, 'MANDALAS PARA APRENDER A CONCENTRARSE', 6, 2017, 2, 'LIBRO DIGITAL', 8),
(292, 'MANDALAS PARA SER LIBRE', 10, 2001, 2, 'LIBRO DIGITAL', 7),
(293, 'MANDALAS PARA MEDITAR', 3, 2016, 2, 'LIBRO DIGITAL', 9),
(294, 'MANDALAS PARA ESTAR ALEGRE', 2, 1999, 1, 'FORMATO FISICO', 8),
(295, 'MANDALAS PARA DESARROLLAR LA CREATIVIDAD', 6, 2009, 2, 'LIBRO DIGITAL', 9),
(296, 'MANDALAS PARA ESTIMULAR LA IMAGINACION', 7, 2010, 1, 'FORMATO FISICO', 5),
(297, 'MANDALAS PARA DESCUBRIR LA BELLEZA', 4, 2000, 2, 'LIBRO DIGITAL', 4),
(298, 'COMO COMBATIR EL ABURRIMIENTO', 1, 1996, 1, 'FORMATO FISICO', 3),
(299, 'COMO ESTIMULAR LOS REFLEJOS', 9, 2010, 1, 'FORMATO FISICO', 1),
(300, 'COMO MANTENERSE DESPIERTO', 10, 1993, 2, 'LIBRO DIGITAL', 7),
(301, 'COMO EVITAR LA SOLEDAD', 8, 1997, 1, 'FORMATO FISICO', 9),
(302, 'AGILMENTE', 7, 1986, 1, 'FORMATO FISICO', 3),
(303, 'ARTE JUEGO Y CREATIVIDAD', 9, 1989, 2, 'LIBRO DIGITAL', 1),
(304, 'HISTORIAS DE SAN PETERSBURGO', 1, 1996, 1, 'FORMATO FISICO', 3),
(305, 'EL PSIQUIATRA Y LA PSICOTERAPEUTA', 5, 2017, 2, 'LIBRO DIGITAL', 10),
(306, 'PSICOTERAPIAS DINAMICAS', 4, 1988, 1, 'FORMATO FISICO', 6),
(307, 'EL MONJE NEGRO', 9, 1987, 1, 'FORMATO FISICO', 7),
(308, 'WASHINGTON SQUARE', 7, 1994, 2, 'LIBRO DIGITAL', 6),
(309, 'DIOSES DE FUEGO Y AIRE', 5, 1991, 2, 'LIBRO DIGITAL', 2),
(310, 'NOCHES BLANCAS', 1, 2002, 1, 'FORMATO FISICO', 5),
(311, 'TU ERES EL ASESINO', 1, 1988, 2, 'LIBRO DIGITAL', 2),
(312, 'EL MUNDO TAL COMO VA', 3, 1989, 2, 'LIBRO DIGITAL', 8),
(313, 'ESCRIBIR EN INTERNET', 10, 1982, 2, 'LIBRO DIGITAL', 3),
(314, 'LA PEQUEÑA CIUDAD DONDE SE DETUVO EL TIE', 10, 1994, 2, 'LIBRO DIGITAL', 2),
(315, 'MAPA DIBUJADO POR UN ESPIA', 5, 1986, 1, 'FORMATO FISICO', 10),
(316, 'PERFILES CRIMINALES INTERFECTOS', 4, 1997, 2, 'LIBRO DIGITAL', 8),
(317, 'ABECEDARIO ANIMALARIO', 6, 1987, 2, 'LIBRO DIGITAL', 9),
(318, 'LOS MUÑECOS DE PAPEL', 4, 1986, 2, 'LIBRO DIGITAL', 9),
(319, 'EL SEÑOR NAKANO', 8, 2013, 1, 'FORMATO FISICO', 1),
(320, 'NOVELAS', 7, 2006, 1, 'FORMATO FISICO', 7),
(321, 'LECCIONES DE ANATOMIA', 3, 1985, 2, 'LIBRO DIGITAL', 7),
(322, 'LIBRO DEL DESASOCIEGO', 8, 2005, 1, 'FORMATO FISICO', 9),
(323, 'ALGO QUE BRILLA COMO EL MAR', 10, 2004, 1, 'FORMATO FISICO', 9),
(324, 'LEOPARDI', 6, 2001, 1, 'FORMATO FISICO', 7),
(325, 'LLAMANDO A LAS PUERTAS DEL CIELO', 8, 1982, 1, 'FORMATO FISICO', 7),
(326, 'LA UTILIDAD DE LO INUTIL', 5, 2018, 1, 'FORMATO FISICO', 9),
(327, 'MANAZURU', 3, 1995, 1, 'FORMATO FISICO', 10),
(328, 'CONFUSIO DE SENTIMIENTOS', 3, 2011, 1, 'FORMATO FISICO', 7),
(329, 'GUIDE OF NATIONAL NATURAL PARKS', 6, 1995, 1, 'FORMATO FISICO', 5),
(330, 'EL ALMA ESTA EN EL CEREBRO', 4, 1982, 1, 'FORMATO FISICO', 6),
(331, 'Y EL CEREBRO CREO AL HOMBRE', 6, 2001, 1, 'FORMATO FISICO', 9),
(332, 'EL TEMPLO DE LA CIENCIA', 6, 2005, 1, 'FORMATO FISICO', 2),
(333, 'EL VIAJE AL PODER DE LA MENTE', 3, 2012, 2, 'LIBRO DIGITAL', 4),
(334, 'LA TORMENTA FINANCIERA', 10, 2009, 2, 'LIBRO DIGITAL', 1),
(335, 'LO QUE NOS PASA POR DENTRO', 6, 2002, 2, 'LIBRO DIGITAL', 9),
(336, 'UNA SOLEDAD DEMASIADO RUIDOSA', 4, 1999, 2, 'LIBRO DIGITAL', 6),
(337, 'YO QUE HE SERVIDO AL REY DE INGLATERRA', 7, 2017, 2, 'LIBRO DIGITAL', 1),
(338, 'LOS INVENTORES DE ENFERMEDADES', 6, 2000, 2, 'LIBRO DIGITAL', 9),
(339, '1984', 3, 2002, 2, 'LIBRO DIGITAL', 5),
(340, 'LA SEGUNDA REVOLUCION CHINA', 3, 2005, 2, 'LIBRO DIGITAL', 4),
(341, 'EL VIAJE A LA FELICIDAD', 3, 2002, 1, 'FORMATO FISICO', 10),
(342, 'LOS CRIMENES DE OXFORD', 7, 1989, 2, 'LIBRO DIGITAL', 9),
(343, 'LA FAMILIA DE PASCUAL DUARTE', 4, 2006, 2, 'LIBRO DIGITAL', 2),
(344, 'DIOSES TUMBAS Y SABIOS', 2, 1983, 2, 'LIBRO DIGITAL', 2),
(345, 'LA VIDA DE PI', 4, 2014, 2, 'LIBRO DIGITAL', 3),
(346, 'LAS INCLEMENCIAS DEL TIEMPO', 7, 1997, 2, 'LIBRO DIGITAL', 4),
(347, 'LA REINA EN EL PALACIO DE LAS CORRIENTES', 3, 1983, 1, 'FORMATO FISICO', 8),
(348, 'LA VIDA DE PI', 6, 1995, 1, 'FORMATO FISICO', 6),
(349, 'EL BESO DE LA SIRENA', 1, 1990, 2, 'LIBRO DIGITAL', 4),
(350, 'LOS PROXIMOS CIEN AÑOS', 5, 2003, 2, 'LIBRO DIGITAL', 3),
(351, 'LA ESTRATEGIA DEL AGUA', 10, 1989, 1, 'FORMATO FISICO', 1),
(352, 'EL VIAJE AL PODER DE LA MENTE', 2, 2005, 2, 'LIBRO DIGITAL', 5),
(353, 'LOS QUE NOS SALVARON', 8, 2015, 1, 'FORMATO FISICO', 1),
(354, 'LA FAMILIA DE PASCUAL DUARTE', 6, 1988, 2, 'LIBRO DIGITAL', 7),
(355, 'LA NOVELA DE GENJI 2 TOMOS', 2, 2015, 2, 'LIBRO DIGITAL', 6),
(356, 'LOS HOMBRES QUE NO AMABAN A LAS MUJERES', 8, 2002, 1, 'FORMATO FISICO', 10),
(357, 'LA CHICA QUE SOÑABA CON UNA CERILLA Y UN', 1, 2002, 1, 'FORMATO FISICO', 1),
(358, 'LA REINA EN EL PALACIO DE LAS CORRIENTES', 6, 2014, 1, 'FORMATO FISICO', 6),
(359, 'JUDIOS MOROS Y CRISTIANOS', 7, 1989, 2, 'LIBRO DIGITAL', 10),
(360, 'INDIGNAOS', 2, 1998, 2, 'LIBRO DIGITAL', 2),
(361, 'LOS ENGAÑOS DE LA MENTE', 2, 2011, 1, 'FORMATO FISICO', 3),
(362, 'COMPROMETEOS', 2, 2000, 1, 'FORMATO FISICO', 10),
(363, 'AÑO DE PROSPERIDAD', 3, 1982, 2, 'LIBRO DIGITAL', 4),
(364, 'VIAJE AL OPTIMISMO', 2, 2005, 1, 'FORMATO FISICO', 4),
(365, 'EVITA REALIDAD Y MITO', 1, 1981, 1, 'FORMATO FISICO', 8),
(366, 'EL DIOS DE DARWIN', 5, 1996, 1, 'FORMATO FISICO', 1),
(367, 'SOCIONOMIA', 3, 1981, 2, 'LIBRO DIGITAL', 3),
(368, 'BOOMERANG', 7, 1995, 1, 'FORMATO FISICO', 1),
(369, 'EL MAPA DEL CRECIMIENTO', 6, 1992, 1, 'FORMATO FISICO', 8),
(370, 'INSIDE JOB', 8, 1992, 2, 'LIBRO DIGITAL', 5),
(371, 'KEYNES VS HAYEK EL CHOQUE QUE DEFINIO LA', 9, 2014, 1, 'FORMATO FISICO', 3),
(372, 'EL VIAJE DE LA INNOVACIONN', 2, 1981, 1, 'FORMATO FISICO', 3),
(373, 'DAY TRAING NEGOCIOS INTRADIA ESTRATEGIAS', 8, 2009, 2, 'LIBRO DIGITAL', 3),
(374, 'COMO AÑADIR VALOR A SUS PRODUCTOS Y SERV', 5, 2011, 2, 'LIBRO DIGITAL', 7),
(375, 'EL CUADRO DE MANDO PERSONAL', 8, 2017, 2, 'LIBRO DIGITAL', 6),
(376, 'VALORACION DE MARCAS', 9, 1995, 1, 'FORMATO FISICO', 3),
(377, 'INVERSORES Y MERCADOS', 7, 1999, 2, 'LIBRO DIGITAL', 9),
(378, 'VENDEDORES DE VALOR', 4, 2000, 1, 'FORMATO FISICO', 7),
(379, 'FINANZAS PARA PROFESIONALES DE MARKETING', 3, 2004, 2, 'LIBRO DIGITAL', 8),
(380, 'ACCIONES ORDINARIAS Y BENEFICIOS EXTRAOR', 8, 2009, 2, 'LIBRO DIGITAL', 7),
(381, 'LOS SEÑORES DE LAS FINANZAS', 2, 2002, 1, 'FORMATO FISICO', 10),
(382, 'GENERACION DE MODELOS DE NEGOCIO', 1, 2010, 1, 'FORMATO FISICO', 3),
(383, 'GRITAS DEL SISTEMA', 7, 1980, 2, 'LIBRO DIGITAL', 4),
(384, 'DAY TRADING', 6, 2017, 2, 'LIBRO DIGITAL', 6),
(385, 'EL BANCO', 2, 2014, 2, 'LIBRO DIGITAL', 3),
(386, 'SOY ECONOMISTA Y OS PIDO DISCULPAS', 1, 2007, 1, 'FORMATO FISICO', 5),
(387, 'MUNDO 3.0', 5, 1990, 1, 'FORMATO FISICO', 10),
(388, 'ALADINO Y LA LAMPARA ESPANTOSA', 6, 2001, 2, 'LIBRO DIGITAL', 1),
(389, 'BLANCA NIEVE Y LOS SIETE GIGANTONES', 8, 1995, 1, 'FORMATO FISICO', 10),
(390, 'CAPERUCITA DESCOLORIDA', 1, 1989, 2, 'LIBRO DIGITAL', 8),
(391, 'CENICIENTO', 2, 1993, 1, 'FORMATO FISICO', 8),
(392, 'LA FEA DURMIENTE', 2, 2003, 1, 'FORMATO FISICO', 5),
(393, 'EL PATITO BELLO', 8, 2013, 1, 'FORMATO FISICO', 2),
(394, 'PINOCHO NO ERA EL MENTIROSO', 4, 1987, 2, 'LIBRO DIGITAL', 4),
(395, 'LA PELUCA DE RAPUNZEL', 10, 2005, 1, 'FORMATO FISICO', 8),
(396, 'LOS GRANDES SOFISTAS DE LA ATENAS DE PER', 5, 1985, 1, 'FORMATO FISICO', 10),
(397, 'EL ELEMENTO', 3, 1986, 2, 'LIBRO DIGITAL', 7),
(398, 'DIAGNOSTICO PSICODINAMICO OPERACIONALIZA', 1, 1992, 1, 'FORMATO FISICO', 7),
(399, 'ETICA DE LA COMPASION', 8, 2000, 2, 'LIBRO DIGITAL', 7),
(400, 'LOGICA DE LA CRUELDAD', 9, 1988, 2, 'LIBRO DIGITAL', 4),
(401, 'EL VERTIGO DE LAS LISTAS', 1, 1980, 1, 'FORMATO FISICO', 10),
(402, 'LAS SOMBRAS DE LONGBOURN', 3, 2000, 1, 'FORMATO FISICO', 3),
(403, 'EL ARTE DE LA GUERRA', 10, 1998, 1, 'FORMATO FISICO', 2),
(404, 'EL ENIGMA SAGRADO', 1, 2005, 2, 'LIBRO DIGITAL', 1),
(405, 'LA TIERRA ES PLANA', 7, 2009, 2, 'LIBRO DIGITAL', 7),
(406, 'LA REINA OCULTA', 3, 2006, 2, 'LIBRO DIGITAL', 2),
(407, 'EL VENENO DE NAPOLEON', 7, 2001, 1, 'FORMATO FISICO', 4),
(408, 'LA ALEGRIA DE AMAR', 5, 2013, 2, 'LIBRO DIGITAL', 5),
(409, '365 DIAS PARA SER MAS CULTO', 5, 1991, 1, 'FORMATO FISICO', 7),
(410, 'EL LIBRO DE LAS ILUSIONES', 7, 2001, 1, 'FORMATO FISICO', 9),
(411, 'LA TRILOGIA DE NUEVA YORK', 3, 2013, 2, 'LIBRO DIGITAL', 7),
(412, 'NO MIRES DEBAJO DE LA CAMA', 2, 1997, 2, 'LIBRO DIGITAL', 9),
(413, 'LAGRIMAS EN LA LLUVIA', 9, 1999, 1, 'FORMATO FISICO', 9),
(414, 'LA NOCHE DEL ORACULO', 8, 1998, 2, 'LIBRO DIGITAL', 7),
(415, 'EL CUADERNO ROJO', 5, 1989, 2, 'LIBRO DIGITAL', 1),
(416, 'EL PAIS DE LAS ULTIMAS COSAS', 10, 1994, 2, 'LIBRO DIGITAL', 2),
(417, 'TOMBUCTU', 4, 1998, 1, 'FORMATO FISICO', 7),
(418, 'EL DIA DE MAÑANA', 4, 2012, 1, 'FORMATO FISICO', 8),
(419, 'HHHH', 8, 2002, 2, 'LIBRO DIGITAL', 5),
(420, 'TODO LO QUE ERA SOLIDO', 1, 2015, 1, 'FORMATO FISICO', 4),
(421, 'TE TRATARE COMO A UNA REINA', 10, 2015, 2, 'LIBRO DIGITAL', 6),
(422, 'EL PIE DE JAIPUR', 2, 2001, 2, 'LIBRO DIGITAL', 7),
(423, 'LAS MONTAÑAS DE BUDA', 9, 2017, 2, 'LIBRO DIGITAL', 6),
(424, 'LA PROFECIA ROMANOV', 8, 2000, 2, 'LIBRO DIGITAL', 9),
(425, 'VENDIDAS', 6, 2002, 1, 'FORMATO FISICO', 9),
(426, 'EL PERGAMINO DE LA SEDUCCION', 7, 2008, 1, 'FORMATO FISICO', 9),
(427, 'TRES TRISTES TIGRES', 4, 1989, 2, 'LIBRO DIGITAL', 7),
(428, 'LOS CABALLEROS DE SALOMON', 6, 2018, 1, 'FORMATO FISICO', 9),
(429, 'EN BUSCA DE KLINGSOR', 8, 1981, 2, 'LIBRO DIGITAL', 7),
(430, 'ESCUCHA MI VOZ', 6, 2010, 1, 'FORMATO FISICO', 5),
(431, 'AQUI YACEN DRAGONES', 9, 2011, 2, 'LIBRO DIGITAL', 2),
(432, 'EL SARI ROJO', 8, 2018, 1, 'FORMATO FISICO', 9),
(433, 'PARA NACER HE NACIDO', 4, 1984, 2, 'LIBRO DIGITAL', 3),
(434, 'SOBRE HEROES Y TUMBAS', 10, 1982, 2, 'LIBRO DIGITAL', 5),
(435, 'ANTES DEL FIN', 7, 1984, 2, 'LIBRO DIGITAL', 5),
(436, 'EL TERCER SECRETO', 7, 2015, 1, 'FORMATO FISICO', 4),
(437, 'ARRANCAME LA VIDA', 10, 2008, 2, 'LIBRO DIGITAL', 6),
(438, 'FIRMIN', 3, 2017, 1, 'FORMATO FISICO', 7),
(439, 'PASION INDIA', 8, 2010, 2, 'LIBRO DIGITAL', 10),
(440, 'LA CONEXION ALEJANDRIA', 3, 2001, 1, 'FORMATO FISICO', 5),
(441, 'EL SARI ROJO', 5, 1989, 1, 'FORMATO FISICO', 4),
(442, 'LOS OBJETOS NOS LLAMAN', 7, 2017, 2, 'LIBRO DIGITAL', 10),
(443, 'EL FACTOR HUMANO', 6, 1983, 1, 'FORMATO FISICO', 5),
(444, 'EL LAMENTO DEL PEREZOSO', 3, 1994, 2, 'LIBRO DIGITAL', 9),
(445, 'LO QUE SE DE LOS HOMBRECILLOS', 7, 1988, 2, 'LIBRO DIGITAL', 9),
(446, 'AURORA BOREAL', 7, 1999, 1, 'FORMATO FISICO', 1),
(447, 'LA ELEGANCIA DEL ERIZO', 4, 1983, 1, 'FORMATO FISICO', 10),
(448, 'EL DESARROLLO HUMANO', 2, 2018, 1, 'FORMATO FISICO', 5),
(449, 'GRAMATICA INGLESA PARA DUMMIES', 3, 2017, 1, 'FORMATO FISICO', 1),
(450, 'FRANCES PARA DUMMIES', 3, 2008, 1, 'FORMATO FISICO', 9),
(451, 'CHINO PARA DUMMIES', 3, 1990, 2, 'LIBRO DIGITAL', 10),
(452, 'ECONOMIA PARA DUMMIES', 6, 1982, 2, 'LIBRO DIGITAL', 3),
(453, 'CULTURA GENERAL PARA DUMMIES', 2, 1998, 1, 'FORMATO FISICO', 8),
(454, 'OBEDIENCIA A LA AUTORIDAD', 10, 2010, 1, 'FORMATO FISICO', 6),
(455, 'RAZON Y EMOCION EN PSICOTERAPIA', 8, 2006, 1, 'FORMATO FISICO', 2),
(456, 'LA PSICOLOGIA MODERNA', 1, 1999, 1, 'FORMATO FISICO', 2),
(457, 'MANUAL DE TERAPIA DE PAREJA', 2, 1986, 2, 'LIBRO DIGITAL', 6),
(458, 'MANUAL DE TERAPIA RACIONAL EMOTIVA VOL', 7, 1988, 2, 'LIBRO DIGITAL', 3),
(459, 'MOTIVACION EN EL DEPORTE Y EL EJERCICIO', 10, 1998, 2, 'LIBRO DIGITAL', 5),
(460, 'DESARROLLO DE LA TEORIA DEL PENSAMIENTO', 2, 2015, 1, 'FORMATO FISICO', 1),
(461, 'PRINCIPIOS COMUNES EN PSICOTERAPIA', 4, 2011, 2, 'LIBRO DIGITAL', 7),
(462, 'PSICOLOGIA Y SALUD', 7, 1990, 2, 'LIBRO DIGITAL', 2),
(463, 'MANUAL PRACTICO DE P N L', 5, 1997, 2, 'LIBRO DIGITAL', 10),
(464, 'APRENDER A VIVIR MANUAL CONTRA EL ABURRI', 1, 2007, 2, 'LIBRO DIGITAL', 6),
(465, 'ETICA PARA PSICOLOGOS', 4, 1991, 1, 'FORMATO FISICO', 6),
(466, 'LACOMUNICACION TERAPEUTICA', 2, 2013, 2, 'LIBRO DIGITAL', 5),
(467, 'LA PREOCUPACION POR LOS DEMAS', 6, 2000, 1, 'FORMATO FISICO', 5),
(468, 'LA FANTASIA COMO TERAPIA DE LA PERSONALI', 2, 2015, 1, 'FORMATO FISICO', 2),
(469, 'PSICOANALISIS Y ANALISIS CORPORAL DE LA', 3, 2012, 1, 'FORMATO FISICO', 6),
(470, 'PNL PARA PROFESORES COMO SER UN PROFESOR', 8, 1985, 1, 'FORMATO FISICO', 3),
(471, 'EMOCIONARTE CON LOS NIÑOS', 6, 2005, 1, 'FORMATO FISICO', 4),
(472, 'INSOMNIO UNA GUIA COGNITIVO CONDUCTUAL', 1, 1989, 2, 'LIBRO DIGITAL', 6),
(473, 'ETICA Y PERIODISMO', 5, 2008, 2, 'LIBRO DIGITAL', 6),
(474, 'MADRE SEPARADACOMO SUPERAN LAS MADRES CO', 5, 1983, 1, 'FORMATO FISICO', 10),
(475, 'MIGRAÑA UNA PESADILLA CEREBRAL', 9, 2016, 2, 'LIBRO DIGITAL', 1),
(476, 'APRENDIENDO A MORIR', 2, 1999, 2, 'LIBRO DIGITAL', 2),
(477, 'RECUPERAR A JESUS', 6, 2016, 1, 'FORMATO FISICO', 8),
(478, 'MI SALUD MENTAL UN CAMINO PRACTICO', 2, 1996, 1, 'FORMATO FISICO', 10),
(479, 'MEDICINA Y TERAPIA DE LA RISA', 7, 2014, 2, 'LIBRO DIGITAL', 7),
(480, 'CYBER BULLYING EL ACOSO ESCOLAR', 6, 2004, 1, 'FORMATO FISICO', 4),
(481, 'MANUAL BASICO DE EMDR', 4, 1989, 1, 'FORMATO FISICO', 5),
(482, 'BORRANDO LA J DE JAULA', 1, 2009, 2, 'LIBRO DIGITAL', 4),
(483, 'POR QUE TE QUIERO EDUCAR CON AMOR', 10, 2018, 1, 'FORMATO FISICO', 1),
(484, 'OJOS QUE SI VEN SOY BIPOLAR', 5, 1994, 2, 'LIBRO DIGITAL', 1),
(485, 'TRASTORNO BIPOLAR EL ENEMIGO INVISIBLE', 5, 2007, 2, 'LIBRO DIGITAL', 6),
(486, 'PROFESIONALES Y VIDA PUBLICA', 10, 2015, 1, 'FORMATO FISICO', 9),
(487, 'FOCUSING CON NIÑOS', 10, 1986, 2, 'LIBRO DIGITAL', 8),
(488, 'LOS CUENTOS DE LUCA', 10, 1998, 1, 'FORMATO FISICO', 4),
(489, 'FAMILIAS FELICES EL ARTE DE SER PADRES', 5, 1991, 1, 'FORMATO FISICO', 2),
(490, 'MI AULA DE BEBES GUIA PRACTICA PARA PADR', 10, 1999, 2, 'LIBRO DIGITAL', 6),
(491, 'TODO NIÑO VIENE CON UN PAN BAJO EL BRAZO', 8, 1990, 2, 'LIBRO DIGITAL', 4),
(492, 'CUANDO UN SER QUERIDO ES BIPOLAR', 1, 1987, 1, 'FORMATO FISICO', 6),
(493, 'TODO LO QUE SUCEDE IMPORTA', 2, 2000, 1, 'FORMATO FISICO', 2),
(494, 'DE CUENTOS Y ALIADOS', 5, 1988, 1, 'FORMATO FISICO', 5),
(495, 'SOLUCIONES PARA UNA VIDA SEXUAL SANA', 6, 2014, 2, 'LIBRO DIGITAL', 9),
(496, 'EL APEGO EN PSICOTERAPIA', 9, 2005, 2, 'LIBRO DIGITAL', 7),
(497, 'PSICOLOGIA INDIVIDUO Y MEDIO SOCIAL', 2, 1996, 2, 'LIBRO DIGITAL', 1),
(498, 'MAS ALLA DE LA EMPATIA UNA TERAPIA DE CO', 10, 1999, 1, 'FORMATO FISICO', 10),
(499, 'QUIEN AMA MUERE BIEN', 1, 1994, 1, 'FORMATO FISICO', 6),
(500, 'LA COMPARTICION SOCIAL DE LAS EMOCIONES', 4, 1982, 2, 'LIBRO DIGITAL', 4),
(501, 'EL OFICIO QUE HABITAMOS', 9, 1996, 2, 'LIBRO DIGITAL', 4),
(502, 'HACIA LA CUMBRE DE DIOS', 3, 2006, 1, 'FORMATO FISICO', 1),
(503, 'PRIMEROS AUXILIOS PARA NIÑOS', 3, 1982, 1, 'FORMATO FISICO', 5),
(504, 'MANUAL DE PSICOETICA', 2, 2013, 1, 'FORMATO FISICO', 5),
(505, 'EL AMOR VANIDOSO COMO FRACASAN LAS RELAC', 1, 2015, 1, 'FORMATO FISICO', 6),
(506, 'SENTIRSE HABITADO POR LA PRESENCIA', 8, 1981, 2, 'LIBRO DIGITAL', 2),
(507, 'HUMANIZAR EL LIDERAZGO', 4, 1980, 1, 'FORMATO FISICO', 9),
(508, 'ESTRESESE MENOS Y VIVA MAS', 10, 1984, 1, 'FORMATO FISICO', 10),
(509, 'LA COMUNICACION HUMANA UNA VENTANA ABIER', 6, 1984, 2, 'LIBRO DIGITAL', 8),
(510, 'COSTRUYENDO PUENTES', 7, 2009, 1, 'FORMATO FISICO', 7),
(511, 'CUADERNO DE TRABAJO PARA EL TRATAMIENTO', 8, 1993, 1, 'FORMATO FISICO', 10),
(512, 'CUIDAR AL ENFERMO', 1, 2017, 2, 'LIBRO DIGITAL', 6),
(513, 'YO TE MANEJO TU ME MANEJAS', 10, 2016, 1, 'FORMATO FISICO', 3),
(514, 'CRISIS CRECIMIENTO Y DESPERTAR', 6, 2013, 1, 'FORMATO FISICO', 10),
(515, 'FRANCISCO EL NUEVO JUAN XXIII', 1, 2013, 1, 'FORMATO FISICO', 4),
(516, 'ENVEJECIMIENTO EN LA VIDA RELIGIOSA', 2, 2016, 1, 'FORMATO FISICO', 8),
(517, 'ORAR CON SAN ANTONIO', 5, 1999, 1, 'FORMATO FISICO', 9),
(518, 'LA SABIDURIA INTERIOR', 8, 1998, 1, 'FORMATO FISICO', 4),
(519, 'DICCIONARIO DE TECNICAS MENTALES', 6, 1981, 2, 'LIBRO DIGITAL', 4),
(520, 'TERAPIA COGNITIVA CON MINDFULNESS INTEGR', 10, 1991, 1, 'FORMATO FISICO', 2),
(521, 'UN DIA DE TERAPIA RADIOGRAFIA DE LAS EMO', 1, 1991, 2, 'LIBRO DIGITAL', 3),
(522, 'APRENDER PSICOLOGIA DESDE EL CINE', 1, 2008, 1, 'FORMATO FISICO', 1),
(523, 'HABILIDADES EN COUNSELLING PSICOTERAPIA', 8, 1984, 1, 'FORMATO FISICO', 2),
(524, 'LA PSICOTERAPIA INTEGRATIVA EN ACCION', 8, 1993, 1, 'FORMATO FISICO', 3),
(525, 'NO LO DEJES PARA MAÑANA', 2, 2009, 2, 'LIBRO DIGITAL', 4),
(526, 'VIVIR LA ANCIEDAD CON CONCIENCIA', 3, 2016, 1, 'FORMATO FISICO', 10),
(527, 'YO DECIDO LA TECNOLOGIA CON ALMA', 8, 2001, 1, 'FORMATO FISICO', 1),
(528, 'DEBATE EN TORNO AL ABORTO', 9, 1981, 1, 'FORMATO FISICO', 9),
(529, 'PARA REIR Y REZAR', 9, 1988, 1, 'FORMATO FISICO', 5),
(530, 'GUIA NO FARMACOLOGICA DE ATENCION EN ENF', 5, 1982, 1, 'FORMATO FISICO', 4),
(531, 'HUMANIZAR LA ASISTENCIA SANITARIA', 2, 2007, 1, 'FORMATO FISICO', 5),
(532, 'ORAR CON SANTA TERESA DE JESUS', 4, 2018, 2, 'LIBRO DIGITAL', 7),
(533, 'ELEGIR LA VIDA HISTORIA DE VIDA DE FAMIL', 10, 1993, 2, 'LIBRO DIGITAL', 7),
(534, 'GESTION ACADEMICA DE ALUMNOS CON NECESID', 1, 1998, 1, 'FORMATO FISICO', 8),
(535, 'NIETZSCHE Y LA FILOSOFIA', 7, 1998, 1, 'FORMATO FISICO', 4),
(536, 'EL OTRO POR SI MISMO', 3, 1982, 2, 'LIBRO DIGITAL', 4),
(537, 'LA TERCERA MUJER', 3, 1981, 2, 'LIBRO DIGITAL', 4),
(538, 'QUE ES LA FILOSOFIA', 4, 1994, 2, 'LIBRO DIGITAL', 10),
(539, 'LA COCINA DE LA ESCRITURA', 3, 2012, 2, 'LIBRO DIGITAL', 6),
(540, 'HOLLYWOOD', 8, 2015, 1, 'FORMATO FISICO', 10),
(541, 'ERECCIONES EYACULACIONES', 6, 2003, 2, 'LIBRO DIGITAL', 2),
(542, 'HIJO DE SATANAS', 1, 2002, 1, 'FORMATO FISICO', 7),
(543, 'LA SENDA DEL PERDEDOR', 7, 1990, 2, 'LIBRO DIGITAL', 4),
(544, 'MUSICA DE CAÑERIAS', 2, 1994, 1, 'FORMATO FISICO', 10),
(545, 'PULP', 1, 2013, 1, 'FORMATO FISICO', 7),
(546, 'PELEANDO A LA CONTRA', 5, 1992, 1, 'FORMATO FISICO', 9),
(547, 'FACTOTUM', 8, 1981, 2, 'LIBRO DIGITAL', 3),
(548, 'EN EL CAMINO', 6, 1985, 1, 'FORMATO FISICO', 5),
(549, 'SE BUSCA UNA MUJER', 1, 1987, 1, 'FORMATO FISICO', 8),
(550, 'LA CONJURA DE LOS NECIOS', 1, 1984, 2, 'LIBRO DIGITAL', 2),
(551, 'ADA O EL ARDOR', 7, 2004, 1, 'FORMATO FISICO', 3),
(552, 'CARTERO', 4, 1982, 1, 'FORMATO FISICO', 6),
(553, 'ESCRITOS DE UN VIEJO INDECENTE', 9, 2005, 2, 'LIBRO DIGITAL', 8),
(554, 'EL BUDA DE LOS SUBURBIOS', 9, 1981, 1, 'FORMATO FISICO', 7),
(555, 'EL PAIS DE LAS ULTIMAS COSAS', 10, 1985, 2, 'LIBRO DIGITAL', 9),
(556, 'NOCTURNO DE CHILE', 1, 1994, 2, 'LIBRO DIGITAL', 8),
(557, 'EL EMPERADOR', 9, 2006, 1, 'FORMATO FISICO', 5),
(558, 'EBANO', 9, 2011, 2, 'LIBRO DIGITAL', 6),
(559, 'LAPIDARIUM IV', 9, 1991, 2, 'LIBRO DIGITAL', 3),
(560, 'CARTAS A UN JOVEN DISIDENTE', 10, 1990, 1, 'FORMATO FISICO', 10),
(561, 'EL MUNDO DE HOY', 7, 1997, 2, 'LIBRO DIGITAL', 4),
(562, 'CHE GUEVARA', 4, 1985, 2, 'LIBRO DIGITAL', 6),
(563, 'ENCUENTRO CON EL OTRO', 10, 2017, 2, 'LIBRO DIGITAL', 4),
(564, 'CRISTO CON UN FUSIL AL HOMBRO', 6, 1994, 1, 'FORMATO FISICO', 6),
(565, 'SEDA TAPA DURA EDICION DE LUJO', 3, 2003, 1, 'FORMATO FISICO', 7),
(566, 'LA MUSICA DEL AZAR', 5, 2002, 1, 'FORMATO FISICO', 6),
(567, '84 CHARING CROSS ROAD', 7, 1987, 2, 'LIBRO DIGITAL', 4),
(568, 'LECCION SOBRE LA LECCION', 8, 2009, 2, 'LIBRO DIGITAL', 4),
(569, 'LAS CONEXIONES OCULTAS', 8, 2014, 1, 'FORMATO FISICO', 3),
(570, 'LA SOCIEDAD DE LA DECEPCION', 4, 2012, 1, 'FORMATO FISICO', 7),
(571, 'COMO HABLAR DE LOS LIBROS QUE NO SE HAN', 10, 2005, 1, 'FORMATO FISICO', 6),
(572, 'LOS LIBERTINOS BARROCOS', 2, 2014, 2, 'LIBRO DIGITAL', 7),
(573, 'EL ARTESANO', 1, 2011, 2, 'LIBRO DIGITAL', 10),
(574, 'MUSICOFILIA RELATOS DE LA MUSICA Y EL CE', 6, 2000, 2, 'LIBRO DIGITAL', 4),
(575, 'JUNTOS RITUALES PLACERES Y POLITICA', 7, 1987, 1, 'FORMATO FISICO', 10),
(576, 'LIBRERIAS', 10, 2004, 1, 'FORMATO FISICO', 2),
(577, 'ALUCINACIONES', 9, 2017, 1, 'FORMATO FISICO', 3),
(578, 'EL EXTRANJERO DOS ENSAYOS SOBRE EL EXILI', 7, 1980, 2, 'LIBRO DIGITAL', 10),
(579, 'NOVECENTO', 3, 1994, 1, 'FORMATO FISICO', 3),
(580, 'SOSTIENE PEREIRA', 1, 2003, 1, 'FORMATO FISICO', 9),
(581, 'EL SOBRINO DE WITTGENSTEIN', 10, 1997, 2, 'LIBRO DIGITAL', 7),
(582, 'TRAINSPOTTING', 4, 1985, 2, 'LIBRO DIGITAL', 1),
(583, 'LOS DETECTIVES SALVAJES', 3, 1994, 1, 'FORMATO FISICO', 1),
(584, 'EL LECTOR', 9, 1996, 2, 'LIBRO DIGITAL', 10),
(585, 'EL DIOS DE LAS PEQUEÑAS COSAS', 5, 1992, 2, 'LIBRO DIGITAL', 10),
(586, 'ESTRELLA DISTANTE', 7, 1987, 1, 'FORMATO FISICO', 6),
(587, 'AMOR PERDURABLE', 1, 1984, 2, 'LIBRO DIGITAL', 6),
(588, 'EL CANON OCCIDENTAL', 6, 2018, 2, 'LIBRO DIGITAL', 1),
(589, 'UN ANTROPOLOGO EN MARTE', 5, 2004, 2, 'LIBRO DIGITAL', 9),
(590, 'LLAMADAS TELEFONICAS', 7, 1983, 1, 'FORMATO FISICO', 3),
(591, 'EL TEOREMA DEL LORO', 4, 2002, 2, 'LIBRO DIGITAL', 9),
(592, 'OCEANO MAR', 5, 1991, 1, 'FORMATO FISICO', 2),
(593, 'PLATAFORMA', 7, 2011, 1, 'FORMATO FISICO', 8),
(594, 'CREIA QUE MI PADRE ERA DIOS', 5, 2015, 1, 'FORMATO FISICO', 7),
(595, 'EL IMPERIO DE LO EFIMERO', 2, 1995, 2, 'LIBRO DIGITAL', 7),
(596, 'MR VERTIGO', 1, 1980, 2, 'LIBRO DIGITAL', 2),
(597, 'ENTRE PARENTESIS', 9, 2007, 2, 'LIBRO DIGITAL', 10),
(598, 'LOS CINICOS NO SIRVEN PARA ESTE OFICIO', 2, 1983, 2, 'LIBRO DIGITAL', 7),
(599, 'SOBRE LA TELEVISION', 3, 1989, 2, 'LIBRO DIGITAL', 8),
(600, 'MI PADRE Y YO', 1, 1992, 2, 'LIBRO DIGITAL', 9),
(601, 'PUTAS ASESINAS', 3, 2001, 1, 'FORMATO FISICO', 9),
(602, 'AMBERES', 8, 1987, 1, 'FORMATO FISICO', 3),
(603, 'LA MELANCOLICA MUERTE DE CHICO OSTRA', 2, 1998, 2, 'LIBRO DIGITAL', 5),
(604, '13,99 EUROS', 7, 1994, 1, 'FORMATO FISICO', 1),
(605, 'PERRO CALLEJERO', 6, 2005, 2, 'LIBRO DIGITAL', 5),
(606, 'EL MAR', 6, 2018, 2, 'LIBRO DIGITAL', 9),
(607, 'ACIDO SULFURICO', 1, 1982, 2, 'LIBRO DIGITAL', 10),
(608, 'LA INVASION', 4, 1981, 1, 'FORMATO FISICO', 9),
(609, 'EL SECRETO DEL MAL', 2, 1986, 1, 'FORMATO FISICO', 2),
(610, 'PLATA QUEMADA', 8, 1993, 1, 'FORMATO FISICO', 8),
(611, 'PERRO CALLEJERO', 3, 2014, 2, 'LIBRO DIGITAL', 8),
(612, 'A SANGRE FRIA', 3, 1982, 2, 'LIBRO DIGITAL', 1),
(613, 'TRATADO DE ATEOLOGIA', 5, 2005, 1, 'FORMATO FISICO', 1),
(614, '2666', 4, 1990, 2, 'LIBRO DIGITAL', 1),
(615, 'EL HOMBRE QUE CONFUNDIO A SU MUJER CON U', 9, 1992, 2, 'LIBRO DIGITAL', 9),
(616, 'ESTA HISTORIA', 7, 1994, 2, 'LIBRO DIGITAL', 3),
(617, 'AMULETO', 6, 1997, 1, 'FORMATO FISICO', 9),
(618, 'HOMERO LLIADA', 1, 2018, 1, 'FORMATO FISICO', 7),
(619, 'SOSTIENE PEREIRA', 9, 1996, 1, 'FORMATO FISICO', 6),
(620, 'ORDENO Y MANDO', 3, 1996, 1, 'FORMATO FISICO', 2),
(621, 'EL CAPITAN SALIO A COMER Y LOS MARINEROS', 8, 2018, 2, 'LIBRO DIGITAL', 5),
(622, 'HASTA LUEGO Y GRACIAS POR EL PESCADO', 5, 1998, 1, 'FORMATO FISICO', 7),
(623, 'EL ADVERSARIO', 7, 2007, 1, 'FORMATO FISICO', 9),
(624, 'POR ORDEN ALFABETICO', 2, 1992, 1, 'FORMATO FISICO', 2),
(625, 'EL VERANO SIN HOMBRES', 10, 1987, 2, 'LIBRO DIGITAL', 1),
(626, 'UNA FORMA DE VIDA', 3, 2003, 1, 'FORMATO FISICO', 6),
(627, 'LA MUERTE DEL PADRE', 5, 1985, 1, 'FORMATO FISICO', 7),
(628, 'LIONEL ASBO EL ESTADO DE INGLATERRA', 1, 1996, 2, 'LIBRO DIGITAL', 5),
(629, 'CEROCEROCERO', 2, 2002, 1, 'FORMATO FISICO', 9),
(630, 'EL CAMINO DE IDA', 9, 2015, 2, 'LIBRO DIGITAL', 10),
(631, 'CURSO DE TEORIA DEL DERECHO', 5, 2015, 2, 'LIBRO DIGITAL', 5),
(632, 'LA EXPULSION DE LOS JUDIOS', 2, 1987, 2, 'LIBRO DIGITAL', 7),
(633, 'COMO PERCIBIMOS EL MUNDO', 7, 2012, 1, 'FORMATO FISICO', 5),
(634, 'LA INTELIGENCIA EJECUTIVA', 5, 2013, 2, 'LIBRO DIGITAL', 9),
(635, 'DR ALZHEIMER SUPONGO', 4, 1981, 1, 'FORMATO FISICO', 7),
(636, 'TRAS LA JUSTICIA', 2, 2008, 1, 'FORMATO FISICO', 4),
(637, 'LA LITERATURA EXPLICADA A LOS ASNOS', 5, 2009, 2, 'LIBRO DIGITAL', 1),
(638, 'LAS OBRAS ESENCIALES DE LA FILOSOFIA', 8, 1984, 2, 'LIBRO DIGITAL', 2),
(639, 'EL DINERO DE LOS DEMAS Y DE COMO LA UTIL', 3, 2015, 1, 'FORMATO FISICO', 3),
(640, '50 COSAS QUE HAY QUE SABER SOBRE GUERRA', 7, 2001, 1, 'FORMATO FISICO', 6),
(641, 'ETICA DE URGENCIA', 8, 1983, 1, 'FORMATO FISICO', 1),
(642, 'EL ALMA DEL MUNDO', 2, 1995, 1, 'FORMATO FISICO', 3),
(643, 'HOMO ECONOMICUS', 9, 1986, 2, 'LIBRO DIGITAL', 2),
(644, 'ERRORES GENIALES QUE CAMBIARON EL MUNDO', 8, 2007, 2, 'LIBRO DIGITAL', 7),
(645, 'EL VALOR DE EDUCAS', 7, 2016, 2, 'LIBRO DIGITAL', 8),
(646, 'ESTRATEGIAS DE COMUNICACION', 7, 2003, 2, 'LIBRO DIGITAL', 2),
(647, 'COMO APRENDE EL CEREBRO', 8, 1982, 2, 'LIBRO DIGITAL', 4),
(648, 'LOS LADRONES DEL CORDERO MISTICO', 5, 2001, 1, 'FORMATO FISICO', 6),
(649, 'ETICA PARA AMADOR', 1, 1989, 2, 'LIBRO DIGITAL', 9),
(650, 'LOS OLVIDADOS DE ROMA', 5, 1987, 1, 'FORMATO FISICO', 10),
(651, 'LA ARGUMENTACION', 10, 2018, 2, 'LIBRO DIGITAL', 6),
(652, 'LA BATALLA DE INGLATERRA', 8, 2012, 2, 'LIBRO DIGITAL', 8),
(653, 'ESPAÑA 1808 2008', 3, 2015, 2, 'LIBRO DIGITAL', 5),
(654, 'LA ECUACION JAMAS RESUELTA', 5, 1984, 2, 'LIBRO DIGITAL', 7),
(655, 'UNA DE ROMANOS', 2, 2001, 1, 'FORMATO FISICO', 8),
(656, 'POLITICA PARA AMADOR', 1, 1989, 2, 'LIBRO DIGITAL', 4),
(657, 'DICCIONARIO DEL CIUDADANO SIN MIEDO A SA', 9, 2017, 2, 'LIBRO DIGITAL', 9),
(658, 'HISTORIA Y CRONOLOISA DE LA CIENCIA Y LO', 5, 1997, 2, 'LIBRO DIGITAL', 5),
(659, 'VITAMINAS MATEMATICAS', 4, 2006, 2, 'LIBRO DIGITAL', 6),
(660, 'LAS TRAMPAS DEL DESEO', 7, 1983, 2, 'LIBRO DIGITAL', 3),
(661, 'UN DIA EN LA VIDA DEL CUERPO HUMANO', 9, 1995, 1, 'FORMATO FISICO', 1),
(662, 'ETICA COMO AMOR PROPIO', 4, 1994, 1, 'FORMATO FISICO', 5),
(663, 'LOS REVOLUCIONARIOS INDUSTRIALES', 2, 1990, 1, 'FORMATO FISICO', 10),
(664, 'TERMOPILAS', 5, 2011, 2, 'LIBRO DIGITAL', 7),
(665, 'FAUSTO EN COPENHAGUE', 5, 2003, 1, 'FORMATO FISICO', 10),
(666, 'UN INTERCAMBIO ESPLENDIDO', 10, 2011, 1, 'FORMATO FISICO', 6),
(667, '50 COSAS QUE HAY QUE SABER SOBRE PSICOLO', 8, 1981, 1, 'FORMATO FISICO', 4),
(668, '50 COSAS QUE HAY QUE SABER SOBRE FILOSOF', 2, 2014, 2, 'LIBRO DIGITAL', 9),
(669, '50 COSAS QUE HAY QUE SABER SOBRE RELIGIO', 1, 2007, 2, 'LIBRO DIGITAL', 4),
(670, '50 COSAS QUE HAY QUE SABER SOBRE MANAGEM', 8, 1993, 1, 'FORMATO FISICO', 7),
(671, 'LAS VENTAJAS DEL DESEO', 6, 2015, 1, 'FORMATO FISICO', 5),
(672, '50 COSAS QUE HAY QUE SABER SOBRE EL UNIV', 5, 1990, 2, 'LIBRO DIGITAL', 3),
(673, '50 COSAS QUE HAY QUE SABER SOBRE POLITIC', 10, 2001, 1, 'FORMATO FISICO', 3),
(674, 'HITOS DEL DISEÑO', 6, 1994, 1, 'FORMATO FISICO', 5),
(675, 'HISTORIA DEL ANALISIS ECONOMICO', 3, 1998, 1, 'FORMATO FISICO', 5),
(676, 'LA SEDUCCION DE LAS MATEMATICAS', 6, 1980, 2, 'LIBRO DIGITAL', 3),
(677, 'EL DISCRETO ENCANTO DE LA CULTURA', 1, 2012, 1, 'FORMATO FISICO', 1),
(678, 'TANTOS TONTOS TOPICOS', 5, 1980, 2, 'LIBRO DIGITAL', 2),
(679, 'QUIEN SOY Y CUANTOS', 6, 2000, 1, 'FORMATO FISICO', 8),
(680, 'LA BIBLIA EXPLICADA A LOS QUE AUN NO LA', 9, 2012, 1, 'FORMATO FISICO', 1),
(681, 'CHE GUEVARA LA VIDA EN JUEGO', 7, 1982, 1, 'FORMATO FISICO', 10),
(682, 'FRANKENSTEIN O EL MODERNO PROMETEO', 2, 1981, 1, 'FORMATO FISICO', 10),
(683, 'EL LIBRO DE LAS VIRTUDES PARA NIÑOS TAPA', 4, 2000, 2, 'LIBRO DIGITAL', 7),
(684, 'AURORA', 4, 1985, 2, 'LIBRO DIGITAL', 3),
(685, 'LA LECTURA LOS LIBROS Y OTROS ENSAYOS', 4, 1990, 1, 'FORMATO FISICO', 8),
(686, 'EL NACIMIENTO DE LA TRAGEDIA', 9, 1983, 1, 'FORMATO FISICO', 4),
(687, 'VIVIR LA MAGIA DE LOS CUENTOS', 5, 1997, 2, 'LIBRO DIGITAL', 1),
(688, 'EL ARTE DE LA GUERRA ILUSTRADO', 2, 2015, 1, 'FORMATO FISICO', 3),
(689, 'COMO ENSEÑAR A LEER A SU BEBE KIT', 4, 2009, 1, 'FORMATO FISICO', 1),
(690, 'FRIEDRICH NIETZSCHE', 7, 1990, 2, 'LIBRO DIGITAL', 8),
(691, 'ALMAS MUERTAS', 9, 1987, 1, 'FORMATO FISICO', 1),
(692, 'PNL PARA LA EMPRESA', 10, 2017, 1, 'FORMATO FISICO', 7),
(693, 'QUIEN HA HECHO ESTE AGUJERO', 2, 2000, 1, 'FORMATO FISICO', 10),
(694, 'SIGUE A LA COMETA', 8, 2012, 1, 'FORMATO FISICO', 7),
(695, 'HAGAMOS UUUH', 8, 1994, 2, 'LIBRO DIGITAL', 4),
(696, 'LA LLAMADA DE CTHULHU', 3, 1999, 1, 'FORMATO FISICO', 4),
(697, 'TODA ESA GENTE MIEDOSA DE TODO', 3, 1993, 1, 'FORMATO FISICO', 3),
(698, 'LA CASA MALDITA', 9, 2010, 1, 'FORMATO FISICO', 6),
(699, 'EN LAS MONTAÑAS DE LA LOCURA', 5, 2002, 1, 'FORMATO FISICO', 5),
(700, 'EL LAZO DE MEDUZA', 5, 2000, 2, 'LIBRO DIGITAL', 1),
(701, 'HORROR EN EL MUSEO', 7, 2003, 2, 'LIBRO DIGITAL', 4),
(702, 'EL HORROR EN EL CEMENTERIO', 8, 2003, 2, 'LIBRO DIGITAL', 4),
(703, 'EL HORROR EN DUNWICH', 3, 2012, 1, 'FORMATO FISICO', 9),
(704, 'EN LOS MUROS DE ERYX', 2, 2009, 1, 'FORMATO FISICO', 2),
(705, 'ALREDEDOR DE LA LUNA', 7, 1993, 2, 'LIBRO DIGITAL', 3),
(706, 'CINCO SEMANAS EN GLOBO', 4, 2014, 2, 'LIBRO DIGITAL', 4),
(707, 'LEO PARDO', 5, 1999, 1, 'FORMATO FISICO', 10),
(708, 'LA INCOMPARABLE AVENTURA DE HANS PFALL', 8, 2010, 1, 'FORMATO FISICO', 3),
(709, 'EL DIARIO DE JULIUS RODMAN', 5, 1999, 2, 'LIBRO DIGITAL', 5),
(710, 'COPRNELIA FUNKE CUENTA CUENTOS', 9, 1999, 1, 'FORMATO FISICO', 8),
(711, 'CUANDO ERA NIÑA SOÑABA', 8, 1988, 1, 'FORMATO FISICO', 2),
(712, 'CUANDO ERA NIÑO SOÑABA', 9, 2008, 1, 'FORMATO FISICO', 8),
(713, 'CACHO RITO', 4, 2003, 1, 'FORMATO FISICO', 3),
(714, '50 COSAS QUE HAY QUE SABER SOBRE RELIGIO', 8, 2011, 2, 'LIBRO DIGITAL', 6),
(715, '50 COSAS QUE HAY QUE SABER SOBRE MANAGEM', 10, 1999, 1, 'FORMATO FISICO', 8),
(716, 'LAS VENTAJAS DEL DESEO', 10, 2015, 2, 'LIBRO DIGITAL', 3),
(717, '50 COSAS QUE HAY QUE SABER SOBRE EL UNIV', 4, 2002, 1, 'FORMATO FISICO', 4),
(718, '50 COSAS QUE HAY QUE SABER SOBRE POLITIC', 8, 1980, 1, 'FORMATO FISICO', 2),
(719, 'HITOS DEL DISEÑO', 9, 1984, 2, 'LIBRO DIGITAL', 10),
(720, 'HISTORIA DEL ANALISIS ECONOMICO', 2, 1984, 1, 'FORMATO FISICO', 4),
(721, 'LA SEDUCCION DE LAS MATEMATICAS', 7, 2006, 1, 'FORMATO FISICO', 5),
(722, 'EL DISCRETO ENCANTO DE LA CULTURA', 8, 2015, 2, 'LIBRO DIGITAL', 1),
(723, 'TANTOS TONTOS TOPICOS', 7, 2005, 1, 'FORMATO FISICO', 2),
(724, 'QUIEN SOY Y CUANTOS', 6, 2013, 2, 'LIBRO DIGITAL', 7),
(725, 'LA BIBLIA EXPLICADA A LOS QUE AUN NO LA', 3, 1999, 2, 'LIBRO DIGITAL', 7),
(726, 'CHE GUEVARA LA VIDA EN JUEGO', 2, 2015, 2, 'LIBRO DIGITAL', 2),
(727, 'FRANKENSTEIN O EL MODERNO PROMETEO', 4, 2010, 2, 'LIBRO DIGITAL', 3),
(728, 'EL LIBRO DE LAS VIRTUDES PARA NIÑOS TAPA', 10, 2003, 1, 'FORMATO FISICO', 8),
(729, 'AURORA', 5, 2018, 2, 'LIBRO DIGITAL', 8),
(730, 'LA LECTURA LOS LIBROS Y OTROS ENSAYOS', 5, 2005, 2, 'LIBRO DIGITAL', 2),
(731, 'EL NACIMIENTO DE LA TRAGEDIA', 10, 1997, 2, 'LIBRO DIGITAL', 1),
(732, 'VIVIR LA MAGIA DE LOS CUENTOS', 4, 1993, 1, 'FORMATO FISICO', 5),
(733, 'EL ARTE DE LA GUERRA ILUSTRADO', 7, 1997, 1, 'FORMATO FISICO', 7),
(734, 'COMO ENSEÑAR A LEER A SU BEBE KIT', 1, 2000, 2, 'LIBRO DIGITAL', 2),
(735, 'FRIEDRICH NIETZSCHE', 10, 1992, 1, 'FORMATO FISICO', 6),
(736, 'ALMAS MUERTAS', 1, 1998, 1, 'FORMATO FISICO', 9),
(737, 'PNL PARA LA EMPRESA', 10, 1987, 1, 'FORMATO FISICO', 4),
(738, 'QUIEN HA HECHO ESTE AGUJERO', 9, 1988, 2, 'LIBRO DIGITAL', 10),
(739, 'SIGUE A LA COMETA', 1, 1985, 2, 'LIBRO DIGITAL', 7),
(740, 'HAGAMOS UUUH', 3, 2018, 1, 'FORMATO FISICO', 9),
(741, 'LA LLAMADA DE CTHULHU', 10, 2009, 2, 'LIBRO DIGITAL', 2),
(742, 'TODA ESA GENTE MIEDOSA DE TODO', 7, 1986, 2, 'LIBRO DIGITAL', 8),
(743, 'LA CASA MALDITA', 4, 1983, 2, 'LIBRO DIGITAL', 3),
(744, 'EN LAS MONTAÑAS DE LA LOCURA', 3, 1998, 2, 'LIBRO DIGITAL', 8),
(745, 'EL LAZO DE MEDUZA', 7, 1983, 1, 'FORMATO FISICO', 5),
(746, 'HORROR EN EL MUSEO', 6, 1984, 1, 'FORMATO FISICO', 4),
(747, 'EL HORROR EN EL CEMENTERIO', 1, 1991, 2, 'LIBRO DIGITAL', 8),
(748, 'EL HORROR EN DUNWICH', 2, 2010, 2, 'LIBRO DIGITAL', 7),
(749, 'EN LOS MUROS DE ERYX', 5, 1981, 2, 'LIBRO DIGITAL', 8),
(750, 'ALREDEDOR DE LA LUNA', 7, 1988, 2, 'LIBRO DIGITAL', 8),
(751, 'CINCO SEMANAS EN GLOBO', 6, 1999, 1, 'FORMATO FISICO', 7),
(752, 'LEO PARDO', 10, 2011, 1, 'FORMATO FISICO', 8),
(753, 'LA INCOMPARABLE AVENTURA DE HANS PFALL', 3, 1997, 1, 'FORMATO FISICO', 2),
(754, 'EL DIARIO DE JULIUS RODMAN', 3, 1997, 1, 'FORMATO FISICO', 7),
(755, 'COPRNELIA FUNKE CUENTA CUENTOS', 5, 1988, 1, 'FORMATO FISICO', 1),
(756, 'CUANDO ERA NIÑA SOÑABA', 8, 2011, 1, 'FORMATO FISICO', 7),
(757, 'CUANDO ERA NIÑO SOÑABA', 4, 2012, 1, 'FORMATO FISICO', 2),
(758, 'CACHO RITO', 8, 2018, 1, 'FORMATO FISICO', 8),
(759, 'CRONICAS MARCIANAS', 4, 1989, 1, 'FORMATO FISICO', 5),
(760, 'CUENTOS DESDE EL REINO PELIGROSO', 7, 1983, 1, 'FORMATO FISICO', 5),
(761, 'EL HOMBRE ILUSTRADO', 8, 1985, 1, 'FORMATO FISICO', 7),
(762, 'CUENTOS DESDE EL REINO PELIGROSO', 1, 1983, 1, 'FORMATO FISICO', 2),
(763, 'ZOMBIES', 4, 1980, 1, 'FORMATO FISICO', 6);
INSERT INTO `libro` (`idLibro`, `nombreLibro`, `idEditorial`, `anio`, `idCategoria`, `descripcion`, `idAutor`) VALUES
(764, 'LA NARANJA MECANICA', 10, 1984, 1, 'FORMATO FISICO', 5),
(765, 'AC DC', 5, 1993, 2, 'LIBRO DIGITAL', 3),
(766, 'BON JOVI', 5, 1991, 2, 'LIBRO DIGITAL', 4),
(767, '501 VIAJES QUE NO PUEDES DEJAR DE HACER', 9, 1997, 2, 'LIBRO DIGITAL', 3),
(768, 'SIGMUND FREUD, SU VIDA EN IMAGENES Y TEX', 7, 1996, 2, 'LIBRO DIGITAL', 5),
(769, 'COMO ATRAER EL INTERES DE LOS DEMAS', 8, 1996, 1, 'FORMATO FISICO', 4),
(770, 'EL AMOR A LA VIDA', 1, 2017, 2, 'LIBRO DIGITAL', 9),
(771, 'JESUS EL PROFETA JUDIO APOCALIPTICO', 9, 2006, 2, 'LIBRO DIGITAL', 2),
(772, 'LA VIDA DEL ESPIRITU', 3, 2004, 1, 'FORMATO FISICO', 6),
(773, 'ESCRIBIR UN THRILLER', 5, 1983, 2, 'LIBRO DIGITAL', 8),
(774, 'LA TRADICION OCULTA', 6, 2004, 2, 'LIBRO DIGITAL', 5),
(775, 'UNA REVISION DE LA HISTORIA JUDIA Y OTRO', 7, 1984, 2, 'LIBRO DIGITAL', 2),
(776, 'LOS CIENTIFICOS DE HITLER', 9, 2018, 1, 'FORMATO FISICO', 3),
(777, 'CUADERNO DE UN PADRE NOVATO', 6, 1991, 1, 'FORMATO FISICO', 2),
(778, 'QUE ES LA HISTORIA CULTURAL', 7, 1985, 1, 'FORMATO FISICO', 1),
(779, 'ENTRE NATURALISMO Y RELIGION', 4, 1985, 1, 'FORMATO FISICO', 8),
(780, 'EUROPA EN LA EDAD MEDIA', 4, 2012, 1, 'FORMATO FISICO', 10),
(781, 'DICCIONARIO DEL AMANTE DE AMERICA LATINA', 5, 2017, 2, 'LIBRO DIGITAL', 4),
(782, 'UN NUEVO MUNDO FELIZ', 10, 1986, 2, 'LIBRO DIGITAL', 6),
(783, 'CHOMSKY PARA TODOS', 10, 1989, 1, 'FORMATO FISICO', 3),
(784, 'QUE ES LA GLOBALIZACION', 5, 2012, 2, 'LIBRO DIGITAL', 9),
(785, 'LA MUSA APRENDE A ESCRIBIR', 4, 1983, 2, 'LIBRO DIGITAL', 9),
(786, 'LA NATURALEZA DE LA CONCIENCIA', 8, 1981, 1, 'FORMATO FISICO', 10),
(787, 'EL AÑO I DE LA ERA ECOLOGICA', 7, 1986, 2, 'LIBRO DIGITAL', 9),
(788, 'TU CEREBRO MAÑANA', 4, 2013, 2, 'LIBRO DIGITAL', 2),
(789, 'EL FIN DEL IMPERIO ROMANO', 10, 1980, 1, 'FORMATO FISICO', 3),
(790, 'EL SUEÑO DE BOLIVAR', 2, 2018, 2, 'LIBRO DIGITAL', 5),
(791, 'MAS ALLA DE LA COMPETENCIA', 7, 1982, 2, 'LIBRO DIGITAL', 1),
(792, 'TERAPIA COGNITIVA', 4, 1997, 2, 'LIBRO DIGITAL', 5),
(793, 'EXISTE LA SUERTE', 10, 1984, 2, 'LIBRO DIGITAL', 1),
(794, 'BREVE HISTORIA DE LA BARBARIE EN OCCIDEN', 4, 1994, 1, 'FORMATO FISICO', 1),
(795, 'EL LIDER INTERIOR', 6, 1995, 1, 'FORMATO FISICO', 3),
(796, 'LA PARADOJA SEXUAL', 3, 2017, 2, 'LIBRO DIGITAL', 10),
(797, 'PSICOLOGIA Y EDUCACION', 6, 2002, 2, 'LIBRO DIGITAL', 8),
(798, 'HISTORIA DEL DINERO', 10, 1991, 2, 'LIBRO DIGITAL', 9),
(799, 'HOMBRES TOXICOS', 4, 1981, 1, 'FORMATO FISICO', 6),
(800, 'Y SEREIS COMO DIOSES', 7, 1989, 2, 'LIBRO DIGITAL', 5),
(801, 'EL LIBRO DEL AMOR EN BUSCA DEL KAMASUTRA', 7, 2011, 1, 'FORMATO FISICO', 5),
(802, 'LOS 7 HABITOS DE LA GENTE ALTAMENTE EFEC', 6, 1998, 2, 'LIBRO DIGITAL', 9),
(803, 'PIENSA', 9, 2009, 1, 'FORMATO FISICO', 10),
(804, 'ALIMENTACION SANA PARA NIÑOS', 8, 1995, 1, 'FORMATO FISICO', 1),
(805, 'LA NUEVA CIENCIA DE LA MENTE', 6, 2008, 2, 'LIBRO DIGITAL', 3),
(806, 'DOCE PASOS HACIA UNA VIDA COMPASIVA', 8, 2017, 1, 'FORMATO FISICO', 7),
(807, 'VERDAD BELLEZA Y BONDAD REFORMULADAS', 9, 2016, 2, 'LIBRO DIGITAL', 6),
(808, 'LOS DIOSES EGIPCIOS EXPLICADOS A MI HIJO', 6, 2005, 1, 'FORMATO FISICO', 5),
(809, 'ANATOMIA DE GRAY', 2, 1989, 2, 'LIBRO DIGITAL', 8),
(810, 'LA BRUJULA DEL PLACER', 2, 1981, 2, 'LIBRO DIGITAL', 7),
(811, 'CRONICAS DESDE EL MUNDO DE POLITICA INTE', 3, 2011, 2, 'LIBRO DIGITAL', 10),
(812, 'EN EL PRINCIPIO ERA EL SEXO', 7, 1986, 2, 'LIBRO DIGITAL', 4),
(813, 'LA TRAMPA DEL EGO', 6, 1987, 2, 'LIBRO DIGITAL', 6),
(814, 'PIENSO, LUEGO SUFRO', 10, 1998, 2, 'LIBRO DIGITAL', 1),
(815, 'MONTAIGNE Y LA FILOSOFIA', 6, 2000, 1, 'FORMATO FISICO', 7),
(816, 'CONFERENCIAS SOBRE LA FILOSOFIA POLITICA', 4, 2018, 1, 'FORMATO FISICO', 3),
(817, 'AMOR A DISTANCIA', 1, 1997, 2, 'LIBRO DIGITAL', 1),
(818, 'LOS BORGIA', 5, 2001, 2, 'LIBRO DIGITAL', 4),
(819, 'LA EDUCACION DE LA MENTE Y EL CONOCIMIEN', 5, 1984, 1, 'FORMATO FISICO', 4),
(820, 'EL ABUSO DE DEBILIDAD', 3, 2017, 2, 'LIBRO DIGITAL', 8),
(821, 'LO QUE LA UNIVERSIDAD NO ENSEÑA', 1, 2013, 2, 'LIBRO DIGITAL', 6),
(822, 'UNA EUROPA ALEMANA', 3, 2009, 2, 'LIBRO DIGITAL', 2),
(823, 'LA BATALLA DE LAS CEREZAS', 5, 1982, 2, 'LIBRO DIGITAL', 5),
(824, 'LA GRECIA ANTIGUA EN 100 PALABRAS', 5, 1997, 1, 'FORMATO FISICO', 5),
(825, 'LA MUSICA CLASICA EN 100 PALABRAS', 10, 2017, 1, 'FORMATO FISICO', 7),
(826, 'LAS NUEVAS SOLEDADES', 10, 1987, 1, 'FORMATO FISICO', 5),
(827, 'MALA FARMA', 1, 1986, 2, 'LIBRO DIGITAL', 5),
(828, 'ANTIFRAGIL', 2, 1992, 1, 'FORMATO FISICO', 5),
(829, 'VIGILANCIA LIQUIDA', 2, 1992, 2, 'LIBRO DIGITAL', 8),
(830, 'OBESOS Y FAMELICOS', 6, 2016, 1, 'FORMATO FISICO', 7),
(831, 'MAS ALLA DEL TERROR', 10, 1981, 1, 'FORMATO FISICO', 7),
(832, 'LA CRISIS ECONOMICA 1929 1939', 7, 2010, 1, 'FORMATO FISICO', 9),
(833, 'SOLO PARA TUS HOJOS', 8, 2012, 1, 'FORMATO FISICO', 6),
(834, 'EN EL PAIS DE LA NUBE BLANCA', 10, 1996, 2, 'LIBRO DIGITAL', 3),
(835, 'LA CANCION DE LOS MAORIES', 8, 1981, 2, 'LIBRO DIGITAL', 3),
(836, 'LA BAHIA DE LA LUNA VERDE', 9, 1987, 1, 'FORMATO FISICO', 7),
(837, 'EN EL CORAZON DE LOS FIORDOS', 5, 1996, 1, 'FORMATO FISICO', 9),
(838, 'EL GRITO DE LA TIERRA', 1, 1981, 1, 'FORMATO FISICO', 10),
(839, 'LA TRILOGIA COMPLETA DE SARAH LARK', 1, 1994, 2, 'LIBRO DIGITAL', 8),
(840, 'GABO CARTAS Y RECUERDOS', 9, 1994, 1, 'FORMATO FISICO', 6),
(841, 'LA ISLA DE LAS MIL FUENTES', 4, 1997, 2, 'LIBRO DIGITAL', 4),
(842, 'VOLVIENDO DE AFRICA', 7, 2010, 1, 'FORMATO FISICO', 6),
(843, 'LA CANCION DEL EXILIO', 4, 1986, 2, 'LIBRO DIGITAL', 4),
(844, 'ARQUETIPOS', 8, 1992, 2, 'LIBRO DIGITAL', 6),
(845, 'LA REVOLUCION DE LA AUTO SALUD', 3, 2010, 1, 'FORMATO FISICO', 5),
(846, 'DICCIONARIO DE LA LENGUA ESPAÑOLA 2 TOMO', 7, 2012, 1, 'FORMATO FISICO', 5),
(847, 'EL PRINCIPE NICOLAS MAQUIAVELO', 6, 2002, 1, 'FORMATO FISICO', 9),
(848, 'EL PERFUME DE NUESTRA TIERRA', 8, 1985, 2, 'LIBRO DIGITAL', 3),
(849, 'NO ES LO MISMO OSTENTOSO QUE OSTENTOREO', 10, 2014, 2, 'LIBRO DIGITAL', 9),
(850, 'LO QUE LA VIDA ME HA ENSEÑADO', 1, 2001, 2, 'LIBRO DIGITAL', 4),
(851, 'LA DESHUMANIZACION DEL ARTE', 8, 2017, 1, 'FORMATO FISICO', 4),
(852, 'POLITICA', 5, 2000, 1, 'FORMATO FISICO', 8),
(853, 'GRAMATICA PRACTICA DEL ESPAÑOL', 1, 2016, 1, 'FORMATO FISICO', 10),
(854, 'MATEMATICAS PARA VAGOS', 3, 1995, 1, 'FORMATO FISICO', 9),
(855, 'EL LADRON DE SOMBRAS', 5, 1989, 2, 'LIBRO DIGITAL', 7),
(856, 'LA AUTO ESTIMA', 8, 1983, 1, 'FORMATO FISICO', 4),
(857, 'SALAMINA', 9, 1990, 2, 'LIBRO DIGITAL', 9),
(858, 'PEQUEÑA HISTORIA DE LA PINTURA', 5, 1995, 2, 'LIBRO DIGITAL', 6),
(859, 'LA CINTA ROJA', 3, 1989, 1, 'FORMATO FISICO', 1),
(860, 'NUEVA GRAMATICA DE LA LENGUA ESPAÑOLA FO', 3, 2007, 1, 'FORMATO FISICO', 5),
(861, 'LA CASA DE LOS ESPIRITUS', 9, 2017, 1, 'FORMATO FISICO', 10),
(862, 'MADAME BOVARY', 6, 1982, 2, 'LIBRO DIGITAL', 5),
(863, 'LA VIDA ES SUEÑO', 2, 1993, 1, 'FORMATO FISICO', 8),
(864, 'CANTAR DE MIO CID', 8, 1987, 1, 'FORMATO FISICO', 8),
(865, 'ORTOGRAFIA DE LA LENGUA ESPAÑOLA EDICION', 3, 2010, 1, 'FORMATO FISICO', 9),
(866, 'ODISEA', 2, 2013, 1, 'FORMATO FISICO', 7),
(867, 'DISCURSO DEL METODO MEDITACIONES METAFIS', 2, 2018, 2, 'LIBRO DIGITAL', 7),
(868, 'NUEVA GRAMATICA BASICA DE LA LENGUA ESPA', 7, 2002, 1, 'FORMATO FISICO', 9),
(869, 'LOS CACHORROS LOS JEFES', 7, 2000, 1, 'FORMATO FISICO', 2),
(870, 'EL LA CIUDAD DE ORO Y PLATA', 1, 2005, 1, 'FORMATO FISICO', 5),
(871, 'TODA LA CULTURA EN 1001 PREGUNTAS', 5, 2018, 2, 'LIBRO DIGITAL', 7),
(872, 'LA REPUBLICA O EL ESTADO PLATON', 2, 2002, 1, 'FORMATO FISICO', 10),
(873, 'EL BUEN USO DEL ESPAÑOL', 1, 2010, 1, 'FORMATO FISICO', 5),
(874, 'HERMOSA OSCURIDAD', 2, 2015, 2, 'LIBRO DIGITAL', 3),
(875, 'NO TE ESCONDO NADA', 8, 2018, 2, 'LIBRO DIGITAL', 2),
(876, 'REFLEJADA EN TI', 9, 1988, 1, 'FORMATO FISICO', 8),
(877, 'ARTE DEL BUEN VIVIR', 2, 2012, 1, 'FORMATO FISICO', 3),
(878, 'EL CONTRATO SOCIAL', 4, 2015, 1, 'FORMATO FISICO', 4),
(879, 'DON QUIJOTE DE LA MANCHA', 5, 1992, 2, 'LIBRO DIGITAL', 4),
(880, 'MAS ALLA DEL BIEN Y DEL MAL', 8, 1997, 1, 'FORMATO FISICO', 3),
(881, 'LAS COMPETENCIAS DEL PROFESORADO', 2, 2013, 2, 'LIBRO DIGITAL', 2),
(882, 'EDUCACION EMOCIONAL Y BIENESTAR', 5, 2003, 1, 'FORMATO FISICO', 6),
(883, 'PSICOLOGIA DE LA LECTURA', 7, 1988, 2, 'LIBRO DIGITAL', 8),
(884, 'COMPETENCIAS BASICAS EN MATEMATICAS', 7, 1990, 1, 'FORMATO FISICO', 7),
(885, 'PSICOMOTRICIDADTEORIA Y PROGRAMACION', 1, 2006, 2, 'LIBRO DIGITAL', 8),
(886, 'LA TUTORIA EN LA EDUCACION', 6, 2009, 1, 'FORMATO FISICO', 4),
(887, 'PSICOLOGIA DE LA ESCRITURA', 6, 1980, 2, 'LIBRO DIGITAL', 4),
(888, 'EL AULA POR DENTRO COMO MEJORAR SU GESTI', 5, 1997, 2, 'LIBRO DIGITAL', 5),
(889, 'PREVENCION E INTERVENCION ANTE PROBLEMAS', 5, 2017, 1, 'FORMATO FISICO', 10),
(890, 'CARBURANTE INTELECTUAL LA IDEA CLAVE DE', 6, 1997, 2, 'LIBRO DIGITAL', 10),
(891, 'HISTORIA DE LAS HISTORIAS', 5, 1984, 1, 'FORMATO FISICO', 1),
(892, 'LAS FRONTERAS DE LA VIDA', 5, 1989, 1, 'FORMATO FISICO', 1),
(893, 'LA MONTAÑA DE ALMEJAS DE LEONARDO', 1, 2008, 1, 'FORMATO FISICO', 1),
(894, 'EL CONTENIDO DE LA PSICOSIS', 4, 1982, 1, 'FORMATO FISICO', 7),
(895, 'LOS HERMANOS KARAMAZOV', 5, 2012, 2, 'LIBRO DIGITAL', 6),
(896, 'EL ARTE DE LA GUERRA', 4, 1986, 2, 'LIBRO DIGITAL', 9),
(897, 'PROGRESINT 27 ATENCION CREATIVA', 8, 1991, 1, 'FORMATO FISICO', 2),
(898, 'TALLER DE LENGUAJE 1', 3, 1999, 1, 'FORMATO FISICO', 8),
(899, 'ESTIMULACION DEL LENGUAJE 1', 1, 1983, 1, 'FORMATO FISICO', 6),
(900, 'DEFICIT DE ATENCION CON HIPERACTIVIDAD', 7, 1983, 1, 'FORMATO FISICO', 8),
(901, 'COMO MEJORAR LA AUTO ESTIMA DE LOS ALUMN', 9, 1991, 1, 'FORMATO FISICO', 1),
(902, 'PROGRAMAS DE INTERVENCION COGNITIVO COND', 5, 2013, 1, 'FORMATO FISICO', 2),
(903, 'LECO 9 PROGRAMA DE DESARROLLO DEL LENGUA', 10, 2007, 2, 'LIBRO DIGITAL', 1),
(904, 'CORAL PROGRAMA PARA ENSEÑAR A PENSAR', 4, 2014, 2, 'LIBRO DIGITAL', 9),
(905, 'CUENTOS DIVERTIDOS DE ANIMALES', 2, 1989, 2, 'LIBRO DIGITAL', 3),
(906, 'CUENTOS DIVERTIDOS DE LA ZETA', 1, 1986, 2, 'LIBRO DIGITAL', 4),
(907, 'CUENTOS DIVERTIDOS DE INSTRUMENTO', 7, 1997, 1, 'FORMATO FISICO', 4),
(908, 'CUENTOS DIVERTIDOS DE FLORES', 5, 1981, 2, 'LIBRO DIGITAL', 2),
(909, 'CUENTOS DIVERTIDOS DE LA CH', 1, 1992, 2, 'LIBRO DIGITAL', 8),
(910, 'CUENTOS DIVERTIDOS DE LA EFE', 3, 1989, 2, 'LIBRO DIGITAL', 3),
(911, 'MI HIJO NO ES UN PROBLEMA TIENE UN PROBL', 5, 2010, 1, 'FORMATO FISICO', 1),
(912, 'SINDROME DE DOWN LA ETAPA ESCOLAR', 8, 2018, 1, 'FORMATO FISICO', 3),
(913, 'PIPE 9', 3, 1984, 2, 'LIBRO DIGITAL', 4),
(914, 'LOS CUENTOS DE PIPE', 10, 1992, 1, 'FORMATO FISICO', 2),
(915, 'MEN 3 PROGRAMA PARA LA ESTIMULACION DE L', 2, 1982, 2, 'LIBRO DIGITAL', 10),
(916, 'CUENTOS DIVERTIDOS DE DECTECTIVES', 1, 1983, 1, 'FORMATO FISICO', 8),
(917, 'TRASTORNO GENERALIZADO DEL DESARROLLO BI', 10, 1980, 1, 'FORMATO FISICO', 4),
(918, 'ERASE UNA VEZ EL SINDROME DE DOWN 2', 2, 2016, 1, 'FORMATO FISICO', 3),
(919, 'PILARES Y ACTITUDES EVOCACIONES SOBRE LA', 5, 2010, 1, 'FORMATO FISICO', 3),
(920, 'CUENTOS DIVERTIDOS DE PIRATAS', 6, 1992, 1, 'FORMATO FISICO', 5),
(921, 'PROGRESINT INTEGRADO 1', 8, 2004, 2, 'LIBRO DIGITAL', 1),
(922, 'PROGRSINT INTEGRADO 2', 10, 2014, 2, 'LIBRO DIGITAL', 10),
(923, 'PUEDO 1 PROGRAMA DE EDUCACION EDUCATIVA', 10, 2017, 2, 'LIBRO DIGITAL', 9),
(924, 'P E L O S PROGRAMA PARA LA ESTIMULACION', 2, 2009, 1, 'FORMATO FISICO', 2),
(925, 'JAVITOR NARRACIONES BREVES PARA HABLAR L', 1, 2014, 2, 'LIBRO DIGITAL', 7),
(926, 'JAVITOR GUIA DELPROFESOR', 6, 1991, 1, 'FORMATO FISICO', 9),
(927, 'JAVITOR PRIMER NIVEL CUADERNO DEL ALUMNO', 5, 2016, 2, 'LIBRO DIGITAL', 4),
(928, 'JAVITOR SEGUNDO NIVEL CUADERNO DEL ALUMN', 9, 1996, 2, 'LIBRO DIGITAL', 5),
(929, 'JAVITOR CUARTO NIVEL CUADERNO DEL ALUMNO', 7, 2009, 1, 'FORMATO FISICO', 6),
(930, 'CUANDO LA DISLEXIA NO ES DISLEXIA', 7, 1985, 1, 'FORMATO FISICO', 2),
(931, 'CUENTOS DIVERTIDOS DE LA G Y LA J', 7, 1999, 1, 'FORMATO FISICO', 5),
(932, 'CUENTOS DIVERTIDOS NAVIDEÑOS', 6, 1981, 2, 'LIBRO DIGITAL', 2),
(933, 'SINDROME DE DOWN METODOLOGIA HACIA SU NO', 7, 1993, 1, 'FORMATO FISICO', 5),
(934, 'PUEDO 2 PROGRAMA DE EDUCACION EDUCATIVA', 1, 2012, 1, 'FORMATO FISICO', 3),
(935, 'LAS DIFICULTADES DE APRENDISAJE Y ADAPTA', 4, 2014, 1, 'FORMATO FISICO', 9),
(936, 'COMO VENCER NUESTROS MIEDOS', 2, 2006, 1, 'FORMATO FISICO', 8),
(937, 'ELOGIO DE LA LENTITUD', 2, 1984, 2, 'LIBRO DIGITAL', 1),
(938, 'CUADRO DE MANDO INTEGRAL', 4, 1987, 2, 'LIBRO DIGITAL', 3),
(939, 'INFORMACION DE COSTES PARA TOMA DE DECIS', 10, 2006, 1, 'FORMATO FISICO', 1),
(940, 'DEL BUSINESS AL E BUSINESS', 1, 2005, 2, 'LIBRO DIGITAL', 10),
(941, 'GESTION COMPETITIVA DE STOCKS Y PROCESO', 10, 2013, 1, 'FORMATO FISICO', 3),
(942, 'SEA SU PORPIA MARCA DESTACANDO ENTRE LA', 9, 1999, 1, 'FORMATO FISICO', 1),
(943, 'MERCHANDISING ESTRATEGICO', 7, 2001, 2, 'LIBRO DIGITAL', 8),
(944, 'PRACTICAS DE ANALISIS TECNICO DE LOS MER', 7, 1986, 2, 'LIBRO DIGITAL', 9),
(945, 'COMO VENDER MAS EN SU TIENDA', 6, 1987, 1, 'FORMATO FISICO', 1),
(946, 'EL FUTURO DE LA COMPETENCIA', 3, 1997, 1, 'FORMATO FISICO', 9),
(947, 'METAMORFOSIS DEL JARDIN', 7, 1991, 1, 'FORMATO FISICO', 3),
(948, 'VIDA Y DESTINO', 10, 1980, 1, 'FORMATO FISICO', 9),
(949, '101 CUENTOS ZEN', 1, 2011, 2, 'LIBRO DIGITAL', 4),
(950, 'A MAS COMO MENOS POR QUE', 8, 2002, 1, 'FORMATO FISICO', 8),
(951, 'EL AMOR', 3, 2006, 2, 'LIBRO DIGITAL', 2),
(952, 'CUENTOS COMPLETOS', 5, 1984, 1, 'FORMATO FISICO', 3),
(953, 'LA HISTORIA DE LISEY', 4, 2010, 1, 'FORMATO FISICO', 7),
(954, 'CUENTOS', 7, 2011, 2, 'LIBRO DIGITAL', 6),
(955, 'EL CLIENTE', 6, 1988, 2, 'LIBRO DIGITAL', 9),
(956, 'CUENTOS COMPLETOS', 10, 2000, 2, 'LIBRO DIGITAL', 6),
(957, 'DE LAGRIMAS Y DE SANTOS', 9, 2018, 1, 'FORMATO FISICO', 7),
(958, 'CURSO DE FILOSOFIA EN SEIS HORAS Y CUART', 2, 1994, 1, 'FORMATO FISICO', 1),
(959, 'CONDUCTAS Y ACTITUDES', 9, 2010, 2, 'LIBRO DIGITAL', 1),
(960, 'COMO VIVIMOS PORQUE MORIMOS', 9, 1984, 1, 'FORMATO FISICO', 2),
(961, 'BAILA BAILA BAILA', 8, 1985, 1, 'FORMATO FISICO', 10),
(962, 'ATLAS DE GEOGRAFIA HUMANA', 4, 1993, 1, 'FORMATO FISICO', 2),
(963, 'CONTRA LAS PATRIAS', 2, 2017, 1, 'FORMATO FISICO', 5),
(964, 'DIARIO DE UN GENIO', 4, 1982, 1, 'FORMATO FISICO', 8),
(965, 'LA EVOLUCION PSICOLOGICA DEL NIÑO', 1, 1992, 2, 'LIBRO DIGITAL', 9),
(966, 'LA REVOLUCION DEL AÑO MIL', 6, 1983, 2, 'LIBRO DIGITAL', 9),
(967, 'EL SURCO DEL TIEMPO', 1, 2004, 2, 'LIBRO DIGITAL', 2),
(968, 'QUE SUCEDIO EN LA HISTORIA', 4, 1984, 1, 'FORMATO FISICO', 1),
(969, 'EL SENTIDO DE LAS COSAS', 7, 1992, 1, 'FORMATO FISICO', 10),
(970, 'LOS EVANGELIOS GNOSTICOS', 6, 2004, 1, 'FORMATO FISICO', 2),
(971, 'DE AQUI AL INFINITO', 5, 1986, 1, 'FORMATO FISICO', 3),
(972, 'LA GUERRA QUE HABIA QUE GANAR', 6, 2015, 1, 'FORMATO FISICO', 7),
(973, 'CULTURA EL PATRIMONIO COMUN DE LOS EUR', 10, 2009, 2, 'LIBRO DIGITAL', 4),
(974, 'BREVISIMA HISTORIA DEL TIEMPO', 1, 2013, 1, 'FORMATO FISICO', 2),
(975, 'LOS DRAGONES DEL EDEN', 5, 1982, 2, 'LIBRO DIGITAL', 2),
(976, 'LA VIDA MARAVILLOSA', 4, 1987, 1, 'FORMATO FISICO', 2),
(977, 'AÑOS INTERESANTES UNA VIDA EN EL SIGLO X', 9, 1999, 2, 'LIBRO DIGITAL', 7),
(978, 'GUERRA Y PAZ EN EL SIGLO XXI', 9, 2003, 2, 'LIBRO DIGITAL', 5),
(979, 'JUEGA DIOS A LOS DADOS', 2, 2012, 2, 'LIBRO DIGITAL', 3),
(980, 'AUSCHWITZ LOS NAZIS Y LA SOLUCION FINAL', 9, 2003, 2, 'LIBRO DIGITAL', 3),
(981, 'LA FALSA MEDIDA DEL HOMBRE', 3, 2004, 2, 'LIBRO DIGITAL', 7),
(982, 'EN EL BUNKER CON HITLER', 8, 1983, 2, 'LIBRO DIGITAL', 4),
(983, 'DESTINO', 2, 2008, 2, 'LIBRO DIGITAL', 8),
(984, 'GRAMATICA DE LA FANTASIA', 3, 2014, 1, 'FORMATO FISICO', 10),
(985, 'EL AÑO QUE TRAFIQUE CON MUJERES', 1, 2006, 2, 'LIBRO DIGITAL', 8),
(986, 'EL AMOR INTELIGENTE', 4, 1993, 1, 'FORMATO FISICO', 7),
(987, 'BRAIN TRAINER DESARROLLA TU MENTE EN 60', 8, 1981, 2, 'LIBRO DIGITAL', 1),
(988, 'BRAIN TRAINER', 4, 1992, 1, 'FORMATO FISICO', 4),
(989, 'LA LOGICA OCULTA DE LA VIDA', 2, 1983, 1, 'FORMATO FISICO', 7),
(990, 'EL HOMBRE QUE CAMBIO SU CASA POR UN TULI', 8, 1981, 1, 'FORMATO FISICO', 10),
(991, 'EL ARTE DE HABLAR BIEN Y CONVENCER', 1, 1985, 2, 'LIBRO DIGITAL', 3),
(992, 'LA ILUSION DE VIVIR', 10, 2000, 2, 'LIBRO DIGITAL', 9),
(993, 'QUIEN ERES', 8, 1994, 2, 'LIBRO DIGITAL', 5),
(994, 'EL LEGADO DE MANDELA', 6, 2017, 2, 'LIBRO DIGITAL', 3),
(995, 'CONCENTRATE', 7, 1986, 1, 'FORMATO FISICO', 7),
(996, 'LA DISLEXIA ORIGEN DIAGNOSTICO Y RECUPER', 9, 2015, 1, 'FORMATO FISICO', 8),
(997, 'EJERCICIOS DE COORDINACION VISOMOTORA', 1, 1983, 1, 'FORMATO FISICO', 1),
(998, 'PROGRAMACION DE LAS ACTIVIDADES PARA EDU', 1, 2014, 2, 'LIBRO DIGITAL', 4),
(999, 'ANATOMIA PARA EL MOVIMIENTO INTRODUCCION', 6, 1990, 2, 'LIBRO DIGITAL', 4),
(1000, 'LOS LABERINTOS DEL CEREBRO', 10, 2009, 2, 'LIBRO DIGITAL', 8),
(1001, 'ANATOMIA PARA EL MOVIMIENTO EL PERINE FE', 2, 2006, 1, 'FORMATO FISICO', 3),
(1002, 'ESTIRAMIENTOS DE CADENAS MUSCULARES', 8, 2012, 2, 'LIBRO DIGITAL', 2),
(1003, 'ANATOMIA PARA EL MOVIMIENTO LA RESPIRACI', 10, 1982, 2, 'LIBRO DIGITAL', 8),
(1004, 'MOVIMIENTOS PARA LA FELICIDAD', 4, 1994, 2, 'LIBRO DIGITAL', 10),
(1005, 'FUNNY MARKETING', 9, 1994, 1, 'FORMATO FISICO', 8),
(1006, 'LA REPUBLICA DEL VINO', 1, 1994, 1, 'FORMATO FISICO', 4),
(1007, 'RANA', 7, 2011, 1, 'FORMATO FISICO', 5),
(1008, 'BOOM', 2, 2007, 1, 'FORMATO FISICO', 2),
(1009, 'FILOSOFIA PARA INDIGNADOS', 7, 2004, 2, 'LIBRO DIGITAL', 10),
(1010, 'JOHN MAYNARD KEYNES', 1, 2012, 1, 'FORMATO FISICO', 2),
(1011, 'COLAPSO', 10, 2014, 1, 'FORMATO FISICO', 5),
(1012, 'LA SENDA DEL LIDER', 1, 2009, 1, 'FORMATO FISICO', 4),
(1013, 'POR QUE NECESITAS UN COACH', 4, 2006, 2, 'LIBRO DIGITAL', 1),
(1014, 'ANATOMIA PARA EL MOVIMIENTO', 3, 2018, 1, 'FORMATO FISICO', 1),
(1015, 'ANATOMIA PARA LA VOZ', 10, 2009, 1, 'FORMATO FISICO', 1),
(1016, 'EDUCACION CREACION E IGUALDAD', 4, 2011, 1, 'FORMATO FISICO', 3),
(1017, 'LEONOR DE AQUITANIA', 10, 2000, 2, 'LIBRO DIGITAL', 7),
(1018, 'EL CIELO ES AZUL LA TIERRE BLANCA', 2, 2018, 1, 'FORMATO FISICO', 7),
(1019, 'CATARSIS SOBRE EL PODER CURATIVO', 1, 2002, 2, 'LIBRO DIGITAL', 9),
(1020, 'AUTORES LIBROS AVENTURAS', 9, 1991, 1, 'FORMATO FISICO', 6),
(1021, 'FOUCHE RETRATO DE UN HOMBRE POLITICO', 7, 1989, 1, 'FORMATO FISICO', 9),
(1022, 'EL MUNDO DE AYER MEMORIAS DE UN EUROPEO', 6, 1985, 2, 'LIBRO DIGITAL', 2),
(1023, 'CUADERNO DE EJERCICIOS PARA VIVIR RELAJA', 6, 1987, 1, 'FORMATO FISICO', 7),
(1024, 'CUADERNO DE EJERCICIOS PARA SER TOLERANT', 10, 2014, 2, 'LIBRO DIGITAL', 6),
(1025, 'CUADERNO DE EJERCICIOS PARA DEJAR DE FUM', 4, 2011, 2, 'LIBRO DIGITAL', 8),
(1026, 'CUADERNO DE EJERCICIOS PARA SUPERAR LA C', 7, 2004, 1, 'FORMATO FISICO', 6),
(1027, 'CUADERNO DE EJERCICIOS DE COMUNICACION N', 10, 1991, 2, 'LIBRO DIGITAL', 4),
(1028, 'LA ANOREXIA', 1, 2008, 1, 'FORMATO FISICO', 6),
(1029, 'EL ULTIMO JUDIO', 7, 1982, 2, 'LIBRO DIGITAL', 9),
(1030, 'LA CASA DE HOJAS', 5, 1983, 2, 'LIBRO DIGITAL', 3),
(1031, 'DOCE CUENTOS IMPERTINENTES', 1, 1981, 1, 'FORMATO FISICO', 10),
(1032, 'DOCE CUENTOS DESVERGONZADOS', 2, 1996, 1, 'FORMATO FISICO', 4),
(1033, 'CUENTOS HUMORISTICOS', 6, 2014, 2, 'LIBRO DIGITAL', 1),
(1034, 'CUENTOS DE VIAJEROS Y POSADAS', 10, 2014, 2, 'LIBRO DIGITAL', 4),
(1035, 'DOCE CUENTOS MALEVOLOS', 9, 1980, 2, 'LIBRO DIGITAL', 3),
(1036, 'LA CAIDA DE LA CASA USHER', 2, 2012, 2, 'LIBRO DIGITAL', 8),
(1037, 'HADJI MURAT', 5, 2002, 1, 'FORMATO FISICO', 9),
(1038, 'CUENTOS PROHIBIDOS PARA LEER EN LA INTIM', 1, 2000, 2, 'LIBRO DIGITAL', 6),
(1039, 'NOVELAS BALTICAS', 4, 1993, 1, 'FORMATO FISICO', 3),
(1040, 'DRAMA EN LA CACERIA', 5, 2006, 2, 'LIBRO DIGITAL', 7),
(1041, 'LOS CAMINOS QUE NO LLEVAN A ROMA', 1, 1981, 2, 'LIBRO DIGITAL', 8),
(1042, 'NI UN DOLAR PARTIDO POR LA MITAD', 8, 1996, 2, 'LIBRO DIGITAL', 5),
(1043, 'MALENTENDIDO EN MOSCU', 8, 2016, 1, 'FORMATO FISICO', 1),
(1044, 'LA DOBLE VIDA DE ANNA SONG', 4, 1992, 1, 'FORMATO FISICO', 4),
(1045, 'CONFESIONES DE UN CHEF', 10, 1981, 2, 'LIBRO DIGITAL', 6),
(1046, 'EL ASESINATO DE ROGER ACKROYD', 5, 1988, 1, 'FORMATO FISICO', 10),
(1047, 'EL MENTIROSO', 1, 1998, 1, 'FORMATO FISICO', 6),
(1048, 'CUENTOS COMPLETOS', 8, 2004, 1, 'FORMATO FISICO', 6),
(1049, 'EN BUSCA DE LA MEMORIA', 3, 1994, 1, 'FORMATO FISICO', 8),
(1050, 'EL CLIENTE MALTRATADO', 8, 1981, 1, 'FORMATO FISICO', 10),
(1051, 'EL VALOR DE LA IMAGEN', 6, 2007, 1, 'FORMATO FISICO', 2),
(1052, 'MITOS Y LEYENDAS DE JAPON', 10, 2003, 2, 'LIBRO DIGITAL', 10),
(1053, 'MARAVILLOSAS POSECIONES', 6, 2015, 1, 'FORMATO FISICO', 8),
(1054, 'BAJO EL SOL', 8, 2000, 2, 'LIBRO DIGITAL', 7),
(1055, 'EL ESPEJISMO NUCLEAR', 7, 1993, 1, 'FORMATO FISICO', 2),
(1056, 'DISFRUTA LA VIDA SIN CARGARTE EL PLANETA', 9, 1983, 2, 'LIBRO DIGITAL', 7),
(1057, 'ESPERANTO MORAL', 9, 1982, 2, 'LIBRO DIGITAL', 7),
(1058, 'WALT WHITMAN CONSTRUCTOR PARA AMERICA', 4, 2012, 2, 'LIBRO DIGITAL', 2),
(1059, 'LO QUE HAY QUE TRAGAR', 2, 2008, 2, 'LIBRO DIGITAL', 4),
(1060, 'MC MUNDO', 6, 2009, 2, 'LIBRO DIGITAL', 3),
(1061, 'MATAR A UN PERIODISTA', 4, 1992, 1, 'FORMATO FISICO', 2),
(1062, 'AMERICO VESPUCIO', 9, 2017, 1, 'FORMATO FISICO', 6),
(1063, 'PUEDE SOBREVIVIR EL CAPITALISMO', 5, 2003, 1, 'FORMATO FISICO', 1),
(1064, 'MANDALAS PARA SER FELIZ', 4, 1993, 1, 'FORMATO FISICO', 1),
(1065, 'LOS SIMPSON Y LA FILOSOFIA', 8, 2003, 2, 'LIBRO DIGITAL', 6),
(1066, 'REFLEXIONES SOBRE LA PENA DE MUERTE', 8, 2017, 1, 'FORMATO FISICO', 8),
(1067, 'BRASIL PAIS DE FUTURO', 6, 2003, 1, 'FORMATO FISICO', 10),
(1068, 'EL PUEBLO EN LA GUERRA', 1, 2007, 2, 'LIBRO DIGITAL', 2),
(1069, 'YOM KIPUR EL SUEÑO DE MAKAR', 6, 2000, 1, 'FORMATO FISICO', 8),
(1070, 'EL ALMUERZO EN LA HIERBA', 10, 2016, 1, 'FORMATO FISICO', 9),
(1071, 'EL JUDAISMO EN LA MUSICA', 2, 1991, 2, 'LIBRO DIGITAL', 7),
(1072, 'EL FANTASMA DE CANTERVILLE', 5, 1994, 2, 'LIBRO DIGITAL', 9),
(1073, 'LA AVENTURA DE LA BANDA MOTEADA', 10, 2005, 2, 'LIBRO DIGITAL', 7),
(1074, 'EL SECRETO DEL PADRE BROWN Y OTROS RELAT', 4, 2002, 2, 'LIBRO DIGITAL', 2),
(1075, 'LA ESCOBA DEL SISTEMA', 6, 1980, 2, 'LIBRO DIGITAL', 6),
(1076, 'UNA SINGULARIDAD DESNUDA', 3, 1992, 1, 'FORMATO FISICO', 5),
(1077, 'EL JUKEBOX DEL EMPRENDEDOR', 8, 1991, 1, 'FORMATO FISICO', 4),
(1078, 'NO MAS CUENTOS CHINOS', 2, 2014, 2, 'LIBRO DIGITAL', 1),
(1079, 'LA EMPRESA QUE QUERIA SALVARSE Y NO SABI', 3, 1991, 1, 'FORMATO FISICO', 7),
(1080, 'GRANDES PECHOS AMPLIAS CADERAS', 9, 1981, 2, 'LIBRO DIGITAL', 1),
(1081, 'RANA BOLSILLO', 1, 2009, 1, 'FORMATO FISICO', 5),
(1082, 'SOCIOFOBIA', 3, 2010, 1, 'FORMATO FISICO', 5),
(1083, 'FILOSOFIA DEL DINERO', 4, 1994, 2, 'LIBRO DIGITAL', 3),
(1084, 'TAO TE CHING', 4, 2005, 1, 'FORMATO FISICO', 1),
(1085, 'ALEGATO CONTRA LA NOVELA HISTORICA', 10, 2015, 1, 'FORMATO FISICO', 8),
(1086, 'SAMUEL BECKETT EL ULTIMO MODERNISTA', 6, 1992, 1, 'FORMATO FISICO', 1),
(1087, 'VEINTICUATRO HORAS EN LA VIDA DE UNA MUJ', 9, 2002, 1, 'FORMATO FISICO', 10),
(1088, 'NOVELA DE AJEDREZ', 5, 2011, 1, 'FORMATO FISICO', 2),
(1089, 'CARTA DE UNA DESCONOCIDA', 6, 1982, 2, 'LIBRO DIGITAL', 2),
(1090, 'CASTELLIO CONTRA CALVINO', 8, 1989, 1, 'FORMATO FISICO', 1),
(1091, 'LOS OJOS DEL HERMANO ETERNO', 7, 2013, 2, 'LIBRO DIGITAL', 5),
(1092, 'MOMENTOS ESTELARES DE LA HUMANIDAD', 7, 2002, 1, 'FORMATO FISICO', 6),
(1093, 'QUE PINTAN LOS NIÑOS', 5, 1980, 1, 'FORMATO FISICO', 6),
(1094, 'EL ARTE CONTEMPORANEO EN LA EDUCACION AR', 2, 1993, 1, 'FORMATO FISICO', 2),
(1095, 'GENEROS LITERARIOS Y MUNDOS POSIBLES', 1, 2018, 1, 'FORMATO FISICO', 2),
(1096, 'MIRAME', 6, 2009, 1, 'FORMATO FISICO', 5),
(1097, 'INFINITUM', 3, 1999, 2, 'LIBRO DIGITAL', 5),
(1098, 'LA INFANCIA FELIZ', 3, 2018, 2, 'LIBRO DIGITAL', 10),
(1099, 'TEATRO I', 10, 2002, 1, 'FORMATO FISICO', 10),
(1100, 'TEATRO II', 4, 2012, 1, 'FORMATO FISICO', 10),
(1101, 'LA HORA DEL DIABLO', 2, 2012, 1, 'FORMATO FISICO', 3),
(1102, 'AMOK', 10, 2013, 1, 'FORMATO FISICO', 2),
(1103, 'ARDIENTE SECRETO', 1, 2012, 1, 'FORMATO FISICO', 6),
(1104, 'LEAN MANAGEMENT', 7, 1998, 1, 'FORMATO FISICO', 4),
(1105, 'LOS 10 PECADOS CAPITALES DEL MARKETING', 1, 1982, 2, 'LIBRO DIGITAL', 4),
(1106, 'COMPRENDER LAS NORMAS INTERNACIONALES DE', 4, 2015, 1, 'FORMATO FISICO', 4),
(1107, 'LA ORGANIZACION FOCALIZADA EN LA ESTRATE', 4, 1992, 2, 'LIBRO DIGITAL', 4),
(1108, 'JOB', 8, 1992, 1, 'FORMATO FISICO', 3),
(1109, 'LA MUSICA DE LOS NUMEROS PRIMOS', 6, 1995, 1, 'FORMATO FISICO', 5),
(1110, 'HISTORIA DE LA PALMA DE LA MANO', 6, 1980, 2, 'LIBRO DIGITAL', 4),
(1111, 'LAS HERMANAS WOOLF', 6, 2004, 1, 'FORMATO FISICO', 10),
(1112, 'LA CASA DE LAS BELLAS DURMIENTES', 5, 2018, 1, 'FORMATO FISICO', 3),
(1113, 'LA RUEDA DE LA VIDA', 1, 1985, 2, 'LIBRO DIGITAL', 9),
(1114, 'ANATOMIA DEL ESPIRITU', 3, 2003, 2, 'LIBRO DIGITAL', 6),
(1115, 'FREAKONOMICS', 8, 2015, 1, 'FORMATO FISICO', 3),
(1116, 'LA REVOLUCION LIMPIA', 2, 1997, 1, 'FORMATO FISICO', 5),
(1117, 'NOSOTROS ES MAS INTELIGENTE QUE YO', 2, 2003, 2, 'LIBRO DIGITAL', 6),
(1118, 'ALIGNMENT', 9, 1990, 2, 'LIBRO DIGITAL', 3),
(1119, 'LA GRANULARIDAD DEL CRECIMIENTO', 4, 2011, 2, 'LIBRO DIGITAL', 4),
(1120, 'DIRIGIR EMPRESAS SOSTENIBLES', 7, 2015, 1, 'FORMATO FISICO', 7),
(1121, 'ANALISIS ECONOMICO FINANCIERO', 6, 2001, 1, 'FORMATO FISICO', 4),
(1122, 'CRIMENES CELEBRES LOS BORGIA', 8, 2015, 1, 'FORMATO FISICO', 10),
(1123, 'EL CAMINO DEL TABACO', 4, 2018, 1, 'FORMATO FISICO', 1),
(1124, 'LA REINA SIN NOMBRE', 3, 1984, 1, 'FORMATO FISICO', 8),
(1125, 'LA INTELIGENCIA EMOCINAL', 4, 2008, 1, 'FORMATO FISICO', 5),
(1126, 'LA HISTORIA DE LOS ARABES', 10, 1997, 2, 'LIBRO DIGITAL', 2),
(1127, 'EL FIN DEL HOMBRE', 9, 1995, 2, 'LIBRO DIGITAL', 1),
(1128, 'CUERPOS SIN EDAD MENTES SIN TIEMPO', 3, 1983, 2, 'LIBRO DIGITAL', 9),
(1129, 'ACOSO ESCOLAR Y CONVIVENCIA EN LAS AULAS', 3, 1989, 2, 'LIBRO DIGITAL', 3),
(1130, 'PERSONAJES HISTORICOSY MUNDO EMPRESARIAL', 2, 2012, 1, 'FORMATO FISICO', 7),
(1131, 'REFLEXIONES EMPRESARIALES', 8, 1995, 2, 'LIBRO DIGITAL', 10),
(1132, 'ADOLESCENCIA Y SEXUALIDADES MINORITARIAS', 6, 1980, 2, 'LIBRO DIGITAL', 6),
(1133, 'EL DOBLE', 5, 2006, 1, 'FORMATO FISICO', 5),
(1134, 'CUENTOS DE LA SELVA', 1, 2000, 1, 'FORMATO FISICO', 4),
(1135, 'LOS ENSAYOS SEGUN LA EDICION DE 1595 DE', 6, 1997, 2, 'LIBRO DIGITAL', 8),
(1136, 'MONTAIGNE', 2, 2009, 2, 'LIBRO DIGITAL', 1),
(1137, 'LOS RELATOS DEL PADRE BROW', 9, 2004, 1, 'FORMATO FISICO', 1),
(1138, 'MENDEL EL DE LOS LIBROS', 1, 2010, 1, 'FORMATO FISICO', 3),
(1139, 'CHAMAN', 3, 1980, 2, 'LIBRO DIGITAL', 3),
(1140, 'LA DOCTORA COLE', 6, 1984, 1, 'FORMATO FISICO', 8),
(1141, 'ODISEA HOMERO', 9, 1990, 1, 'FORMATO FISICO', 3),
(1142, 'VIAJE AL PAIS DE LOS NUMEROS', 7, 2012, 1, 'FORMATO FISICO', 5),
(1143, 'LAS CASAS DEL MUNDO EXPLICADAS A LOS JOV', 2, 2012, 2, 'LIBRO DIGITAL', 1),
(1144, 'ESPERANDO A LOS BARBAROS', 7, 2010, 1, 'FORMATO FISICO', 2),
(1145, 'ROBIENSON CRUSOE', 4, 1995, 1, 'FORMATO FISICO', 4),
(1146, 'FIESTA', 7, 1985, 1, 'FORMATO FISICO', 9),
(1147, 'FUNDACION Y TIERRA', 1, 2016, 2, 'LIBRO DIGITAL', 10),
(1148, 'DESPERTARES', 10, 2009, 2, 'LIBRO DIGITAL', 5),
(1149, 'CAMERUN BITS', 1, 1986, 2, 'LIBRO DIGITAL', 6),
(1150, 'EL ARTE DE LA FOTOGRAFIA DE LOS ORIGENES', 3, 2007, 2, 'LIBRO DIGITAL', 4),
(1151, 'BARCELONA FUTURARQUITECTURA', 10, 2007, 1, 'FORMATO FISICO', 6),
(1152, 'CIUDAD DE MEXICO', 6, 1981, 2, 'LIBRO DIGITAL', 7),
(1153, 'COLOMBIA VISTA Y SENTIDA', 7, 2009, 2, 'LIBRO DIGITAL', 6),
(1154, 'CIUDADES Y CONTAMINACION', 5, 2012, 1, 'FORMATO FISICO', 3),
(1155, 'ASTRONOMIA DE GALILEO A LA EXPLORACION E', 6, 2017, 1, 'FORMATO FISICO', 1),
(1156, 'COMO MIRAR UN CUADRO', 10, 2011, 2, 'LIBRO DIGITAL', 3),
(1157, 'CATEDRALES DE ESPAÑA', 6, 1995, 1, 'FORMATO FISICO', 3),
(1158, 'DESCUBRIMIENTOS INNOVACION Y TECNOLOGIA', 6, 2007, 2, 'LIBRO DIGITAL', 5),
(1159, 'BRASIL ESPECTACULO Y PROGRESO', 9, 1980, 1, 'FORMATO FISICO', 4),
(1160, 'BASQUIAT', 7, 2017, 2, 'LIBRO DIGITAL', 9),
(1161, 'DE LO QUE SOMOS', 7, 2002, 1, 'FORMATO FISICO', 4),
(1162, 'CUANDO LA PINTURA ES UN ARTE', 10, 1992, 1, 'FORMATO FISICO', 9),
(1163, 'CIENCIA 100 DESCUBRIMIENTOS QUE CAMBIARO', 7, 1998, 1, 'FORMATO FISICO', 3),
(1164, 'GUIA DE PARQUES NACIONALES NATURALES', 7, 2000, 1, 'FORMATO FISICO', 4),
(1165, 'PARIS DE CINE', 10, 2014, 1, 'FORMATO FISICO', 3),
(1166, 'PRELUDIO A LA FUNDACION', 9, 1986, 2, 'LIBRO DIGITAL', 10),
(1167, 'NEUROCIENCIA COGNITIVA', 8, 2002, 2, 'LIBRO DIGITAL', 4),
(1168, 'GUIA DE CONSULTA DE LOS CRITERIOS DIAGNO', 9, 1996, 2, 'LIBRO DIGITAL', 5),
(1169, 'MUJERES QUE CORREN CON LOS LOBOS', 8, 1983, 2, 'LIBRO DIGITAL', 8),
(1170, 'LOS REYES MALDITOS EL REY DE HIERRO 1', 4, 2003, 1, 'FORMATO FISICO', 3),
(1171, 'LOS REYES MALDITOS LA REINA ESTRANGULADA', 4, 2014, 2, 'LIBRO DIGITAL', 8),
(1172, 'LOS REYES MALDITOS LOS VENENOS DE LA COR', 1, 1980, 2, 'LIBRO DIGITAL', 8),
(1173, 'LOS REYES MALDITOS LA LEY DE LOS VARONES', 2, 2017, 1, 'FORMATO FISICO', 4),
(1174, 'LOS REYES MALDITOS LA LOBA DE FRANCIA 5', 4, 2002, 1, 'FORMATO FISICO', 5),
(1175, 'LOS REYES MALDITOS LA FLOR DE LIS Y EL L', 3, 1980, 1, 'FORMATO FISICO', 1),
(1176, 'LOS REYES MALDITOS DE COMO UN REY PERDIO', 10, 1993, 2, 'LIBRO DIGITAL', 3),
(1177, 'JUAN SALVADOR GAVIOTA', 10, 1991, 2, 'LIBRO DIGITAL', 10),
(1178, 'EL ESPIRITU CREATIVO', 1, 2012, 1, 'FORMATO FISICO', 1),
(1179, 'EL PSICOANALISTA', 2, 1998, 2, 'LIBRO DIGITAL', 8),
(1180, 'ISAAC ASIMOV CUENTOS COMPLETOS 1', 2, 2001, 1, 'FORMATO FISICO', 10),
(1181, 'ISAAC ASIMOV CUENTOS COMPLETOS 2', 4, 1992, 1, 'FORMATO FISICO', 2),
(1182, 'EL INCENDIO DE ALEJANDRIA', 5, 2002, 1, 'FORMATO FISICO', 2),
(1183, 'LAS CRUZADAS', 2, 1982, 2, 'LIBRO DIGITAL', 9),
(1184, 'LOS CANTORES', 9, 1993, 1, 'FORMATO FISICO', 6),
(1185, 'LOS TEMPLARIOS', 4, 1988, 2, 'LIBRO DIGITAL', 5),
(1186, 'LA HISTORIA DEL CRISTIANISMO', 1, 2016, 2, 'LIBRO DIGITAL', 4),
(1187, 'DESCUBRE A TUS ANGELLES', 6, 2005, 1, 'FORMATO FISICO', 7),
(1188, 'EL METODO SILVA', 7, 1986, 2, 'LIBRO DIGITAL', 3),
(1189, 'LA AUTENTICA FELICIDAD', 9, 1996, 1, 'FORMATO FISICO', 1),
(1190, 'DIGESTION PERFECTA', 10, 2008, 2, 'LIBRO DIGITAL', 10),
(1191, 'AFRICANUS EL HIJO DEL CONSUL', 1, 1999, 2, 'LIBRO DIGITAL', 1),
(1192, 'LAS LEGIONES MALDITAS', 8, 1981, 2, 'LIBRO DIGITAL', 5),
(1193, 'LA TRAICION DE ROMA', 9, 1990, 1, 'FORMATO FISICO', 9),
(1194, 'EL ORGULLO DEL ESPIRITU', 2, 2002, 1, 'FORMATO FISICO', 10),
(1195, 'LA MEDICION DE LA ENERGIA', 3, 2006, 2, 'LIBRO DIGITAL', 7),
(1196, 'NOTAS DE AMERICA', 1, 2010, 2, 'LIBRO DIGITAL', 4),
(1197, 'COOLHUNTING', 2, 1981, 2, 'LIBRO DIGITAL', 1),
(1198, 'CLAVES DEL NUEVO MARKETING', 3, 2011, 1, 'FORMATO FISICO', 7),
(1199, 'NEURO MARKETING', 1, 1985, 1, 'FORMATO FISICO', 1),
(1200, 'EL LADO OSCURO DE LA ECONOMIA', 9, 2009, 1, 'FORMATO FISICO', 3),
(1201, 'COMO UTILIZAR EL CUADRO DE MANDO INTEGRA', 7, 2009, 2, 'LIBRO DIGITAL', 9),
(1202, 'REDES SOCIALES EN UNA SEMANA', 4, 1986, 1, 'FORMATO FISICO', 6),
(1203, 'MARKETING 2.0 EN UNA SEMANA', 8, 1992, 1, 'FORMATO FISICO', 1),
(1204, 'Y GOOGLE COMO LO HARIA', 6, 1993, 2, 'LIBRO DIGITAL', 1),
(1205, 'CAMBIA EL CHIP', 1, 1990, 2, 'LIBRO DIGITAL', 5),
(1206, 'PIENSA INTUYE Y ACERTARAS', 8, 1991, 2, 'LIBRO DIGITAL', 7),
(1207, 'TODO LO QUE SIEMPRE QUISO SABER SOBRE BO', 4, 1990, 2, 'LIBRO DIGITAL', 9),
(1208, 'ANALITICA WEB 2.0', 8, 1989, 2, 'LIBRO DIGITAL', 3),
(1209, 'HOMO ECONOMICUS UNA EXPLICACION DEL MUND', 1, 1982, 2, 'LIBRO DIGITAL', 10),
(1210, 'COMMUNITY MANAGEMENT EN UNA SEMANA', 6, 1987, 2, 'LIBRO DIGITAL', 9),
(1211, 'VIVO EN EL FUTURO Y ESTO ES LO QUE VEO', 8, 1980, 2, 'LIBRO DIGITAL', 3),
(1212, 'EXPRIME TUS NEURONAS', 7, 2001, 2, 'LIBRO DIGITAL', 1),
(1213, 'IMPLICAME', 8, 2013, 1, 'FORMATO FISICO', 7),
(1214, 'LA EMPRESA EN LA WEB 2.0', 7, 1990, 1, 'FORMATO FISICO', 9),
(1215, 'SACALE PARTIDO A TU CEREBRO', 9, 1987, 1, 'FORMATO FISICO', 7),
(1216, 'SOCIALHOLIC', 6, 2004, 1, 'FORMATO FISICO', 3),
(1217, 'COMO COMVERTIR UN ME GUSTA EN UNA COMPRA', 3, 1995, 2, 'LIBRO DIGITAL', 10),
(1218, 'DE QUE COLOR ES TU PARACAIDAS', 3, 1995, 2, 'LIBRO DIGITAL', 10),
(1219, 'LO QUIERO', 4, 2018, 2, 'LIBRO DIGITAL', 9),
(1220, 'VENDER ES HUMANO', 3, 2011, 2, 'LIBRO DIGITAL', 1),
(1221, 'V DE VULNERABLE', 3, 1998, 2, 'LIBRO DIGITAL', 8),
(1222, 'LA CONEXION CREADORA', 2, 1988, 2, 'LIBRO DIGITAL', 3),
(1223, 'AMBIGUEDADES DEL AMOR', 1, 1985, 2, 'LIBRO DIGITAL', 4),
(1224, 'OBESIDAD INFANTIL', 10, 2013, 2, 'LIBRO DIGITAL', 8),
(1225, 'A LA ZAGA', 9, 2013, 1, 'FORMATO FISICO', 10),
(1226, 'EL ANDAR DEL BORRACHO', 10, 2008, 1, 'FORMATO FISICO', 10),
(1227, 'A HOMBROS DE GIGANTES', 9, 1992, 1, 'FORMATO FISICO', 4),
(1228, 'MUSSOLINI SECRETO', 5, 2008, 2, 'LIBRO DIGITAL', 5),
(1229, 'HISTORIA DEL SIGLO XX', 2, 1980, 1, 'FORMATO FISICO', 6),
(1230, 'EL LIBRO DE LOS UNIVERSOS', 6, 1998, 1, 'FORMATO FISICO', 10),
(1231, 'MIEDO A LA DEMOCRACIA', 3, 1984, 1, 'FORMATO FISICO', 6),
(1232, 'STEPHEN HAWKING - SU VIDA Y OBRA', 3, 1991, 2, 'LIBRO DIGITAL', 7),
(1233, 'SESENTA MILLONES DE ROMANOS', 8, 1985, 2, 'LIBRO DIGITAL', 5),
(1234, 'EL TRASFONDO HUMANO DE LA GUERRA', 6, 1984, 2, 'LIBRO DIGITAL', 8),
(1235, 'EL PESO DE LA HISTORIA', 3, 1982, 2, 'LIBRO DIGITAL', 2),
(1236, 'LOS SIETE SABIOS DE GRECIA', 9, 2002, 1, 'FORMATO FISICO', 1),
(1237, 'EL PRECIO DE LA INTELIGENCIA', 9, 2010, 1, 'FORMATO FISICO', 3),
(1238, 'EL FUTURO PROFUNDO', 4, 1981, 2, 'LIBRO DIGITAL', 2),
(1239, 'LA RETIRADA', 2, 1997, 1, 'FORMATO FISICO', 9),
(1240, 'EL LABORATORIO DEL MIEDO', 4, 2015, 2, 'LIBRO DIGITAL', 2),
(1241, 'UNIVERSO', 1, 2002, 2, 'LIBRO DIGITAL', 8),
(1242, 'EL MONO ESTRESADO', 9, 2013, 1, 'FORMATO FISICO', 10),
(1243, 'DIOS EN EL NUEVO MUNDO', 1, 1983, 1, 'FORMATO FISICO', 10),
(1244, 'EUROPA CONTRA EUROPA 1914 1945', 10, 1984, 2, 'LIBRO DIGITAL', 3),
(1245, 'PALABRAS EN EL TIEMPO', 8, 2005, 2, 'LIBRO DIGITAL', 1),
(1246, 'UN DIA DIFICIL', 2, 1985, 2, 'LIBRO DIGITAL', 6),
(1247, 'SECRETO DEL TERCER REICH', 3, 2012, 2, 'LIBRO DIGITAL', 1),
(1248, 'LA HISTORIA SECRETA DEL DIA D', 8, 2014, 2, 'LIBRO DIGITAL', 10),
(1249, 'EL OSCURO CARISMA DE HITLER', 6, 1981, 1, 'FORMATO FISICO', 6),
(1250, 'CAPITALISMO GLOBAL', 6, 2000, 2, 'LIBRO DIGITAL', 1),
(1251, 'TEATRO SIN FIN', 2, 2018, 1, 'FORMATO FISICO', 3),
(1252, 'LA CASA DE LOS SIETE TEJADOS', 3, 2012, 2, 'LIBRO DIGITAL', 3),
(1253, 'DUMA KEY', 1, 2016, 1, 'FORMATO FISICO', 1),
(1254, 'TIEMPO DE MATAR', 5, 1981, 1, 'FORMATO FISICO', 10),
(1255, 'HISTORIA DE LA BELLEZA', 10, 2007, 1, 'FORMATO FISICO', 8),
(1256, 'CUENTOS COMPLETOS', 4, 2011, 2, 'LIBRO DIGITAL', 5),
(1257, 'TRILOGIA DE ALEXANDROS', 9, 2010, 2, 'LIBRO DIGITAL', 2),
(1258, 'AMERICAN GODS', 3, 1998, 2, 'LIBRO DIGITAL', 9),
(1259, 'JESUS DE NAZARET', 1, 2009, 2, 'LIBRO DIGITAL', 1),
(1260, 'VIOLENCIA DE GENERO TERRORISMO EN CASA', 2, 2009, 2, 'LIBRO DIGITAL', 4),
(1261, 'NUTRICION EN LAS ENFERMEDADES', 8, 2016, 2, 'LIBRO DIGITAL', 1),
(1262, 'EL ENTRENAMIENTO DEPORTIVO EN EL SIGLO X', 7, 1989, 2, 'LIBRO DIGITAL', 3),
(1263, 'COMO EDUCAR A MI HIJO DURANTE SU NIÑEZ D', 10, 1989, 2, 'LIBRO DIGITAL', 10),
(1264, 'EDUCACION INCLUSIVA UN MODELO DE FUTURO', 2, 2010, 2, 'LIBRO DIGITAL', 10),
(1265, 'LA COMUNICACION EFICAZ CON LOS ALUMNOS', 8, 2005, 2, 'LIBRO DIGITAL', 7),
(1266, 'DESARROLLO Y MEJORA DE LA INTELIGENCIA M', 7, 1985, 1, 'FORMATO FISICO', 6),
(1267, 'SELECCION Y EVALUACION DE DIRECTORES DE', 5, 2006, 1, 'FORMATO FISICO', 6),
(1268, 'HABLEMOS DE EDUCACION INFANTIL', 5, 1988, 2, 'LIBRO DIGITAL', 1),
(1269, 'GESTION DEL AULA DE SECUNDARIA', 3, 1986, 2, 'LIBRO DIGITAL', 10),
(1270, 'LOS TRES MOSQUETEROS', 7, 2000, 2, 'LIBRO DIGITAL', 7),
(1271, 'HISTORIA DE LA FEALDAD', 7, 1995, 1, 'FORMATO FISICO', 5),
(1272, 'ADAPTATE', 2, 2006, 2, 'LIBRO DIGITAL', 9),
(1273, 'GUIA PRACTICA CONTRA LA DEPRESION', 5, 2007, 2, 'LIBRO DIGITAL', 6),
(1274, 'LA CONQUISTA DE LA VOLUNTAD', 10, 2003, 2, 'LIBRO DIGITAL', 4),
(1275, 'UN REGALO PARA TODA LA VIDA', 2, 2010, 1, 'FORMATO FISICO', 6),
(1276, 'ADIOS DEPRECION', 7, 2009, 1, 'FORMATO FISICO', 2),
(1277, 'PALMERAS EN LA NIEVE', 5, 2018, 1, 'FORMATO FISICO', 10),
(1278, 'MIL GRULLAS', 3, 2016, 1, 'FORMATO FISICO', 1),
(1279, 'LA PANDILLA DE ASAKUSA', 5, 2008, 1, 'FORMATO FISICO', 7),
(1280, 'BORGES POSTALES DE UNA BIOGRAFIA', 7, 1990, 1, 'FORMATO FISICO', 6),
(1281, 'A SANGRE FRIA', 1, 1990, 1, 'FORMATO FISICO', 8),
(1282, 'EL PODER DE LA NEURODIVERSIDAD', 6, 2004, 2, 'LIBRO DIGITAL', 4),
(1283, 'PARA QUE TRABAJAMOS', 5, 1985, 2, 'LIBRO DIGITAL', 4),
(1284, 'CUERPXS EQUIVOCADXS', 1, 2009, 1, 'FORMATO FISICO', 4),
(1285, 'AMBIENTE Y EDUCACION', 6, 1993, 1, 'FORMATO FISICO', 5),
(1286, 'ENRIQUECER LA ENSEÑANZA', 3, 2004, 2, 'LIBRO DIGITAL', 1),
(1287, 'EL EMBARAZO TRANSFORMADOR', 1, 1994, 2, 'LIBRO DIGITAL', 10),
(1288, 'EL TRANSEUNTE INMOVIL', 2, 1992, 1, 'FORMATO FISICO', 2),
(1289, 'VIOLENCIAS Y FAMILIAS', 6, 1993, 1, 'FORMATO FISICO', 8),
(1290, 'SEMINARIO 16', 1, 2003, 1, 'FORMATO FISICO', 8),
(1291, 'EL SEMINARIO, LIBRO 17', 5, 1983, 2, 'LIBRO DIGITAL', 2),
(1292, 'PADRES E HIJOS', 6, 1981, 2, 'LIBRO DIGITAL', 7),
(1293, 'COMUNISMO SEXUAL', 1, 2013, 2, 'LIBRO DIGITAL', 1),
(1294, 'CARTAS A SUS HIJOS', 1, 1988, 2, 'LIBRO DIGITAL', 2),
(1295, 'EL DRAMA DEL ABORTO', 8, 2001, 1, 'FORMATO FISICO', 8),
(1296, 'PSICOLOGIA COMUNITARIA Y POLITICAS SOCIA', 4, 2003, 2, 'LIBRO DIGITAL', 2),
(1297, 'GENETICA Y DERECHOS HUMANOS', 3, 1986, 2, 'LIBRO DIGITAL', 7),
(1298, 'EL SINDROME DEL ANGEL', 4, 1995, 1, 'FORMATO FISICO', 2),
(1299, 'POR QUE TENEMOS HIJOS', 8, 2010, 1, 'FORMATO FISICO', 3),
(1300, 'EROTISMO, MUJERES Y SEXUALIDAD', 5, 1996, 1, 'FORMATO FISICO', 9),
(1301, 'EL BASURERO DE LA HISTORIA', 10, 1985, 2, 'LIBRO DIGITAL', 9),
(1302, 'LA TRADUCCION LITERARIA EN AMERICA LATIN', 9, 2003, 2, 'LIBRO DIGITAL', 1),
(1303, 'DE LA CULTURA ROCK', 4, 2010, 1, 'FORMATO FISICO', 5),
(1304, 'TEST LEER PARA COMPRENDER TLC', 9, 1980, 1, 'FORMATO FISICO', 8),
(1305, 'LA EVALUACION PSICOLABORAL', 2, 1987, 2, 'LIBRO DIGITAL', 5),
(1306, 'EL CUESTIONARIO DESIDERATIVO', 9, 2009, 2, 'LIBRO DIGITAL', 9),
(1307, 'ALEXITIMIA INCLUYE LAC TAS-20', 8, 2006, 2, 'LIBRO DIGITAL', 5),
(1308, 'MANERAS DE QUERER', 3, 1981, 2, 'LIBRO DIGITAL', 8),
(1309, 'EL INSTANTE ETERNO', 4, 2007, 2, 'LIBRO DIGITAL', 8),
(1310, 'LA QUIETUD EN MOVIMIENTO', 1, 1988, 2, 'LIBRO DIGITAL', 3),
(1311, 'SUTILEZAS ANALITICAS', 1, 2017, 1, 'FORMATO FISICO', 7),
(1312, 'LA FUGA DEL SENTIDO', 2, 1995, 2, 'LIBRO DIGITAL', 4),
(1313, 'EL AREA 18', 9, 2015, 1, 'FORMATO FISICO', 4),
(1314, 'PADRES QUE SUFREN POR HIJOS ADOLECENTES', 4, 1997, 1, 'FORMATO FISICO', 9),
(1315, 'ANTES DEL FIN', 1, 2006, 1, 'FORMATO FISICO', 2),
(1316, 'ESCANDALO DE MIEL CD ANTOLOGIA POETICA', 4, 2005, 2, 'LIBRO DIGITAL', 3),
(1317, 'BIENVENIDO DOLOR', 3, 2016, 1, 'FORMATO FISICO', 9),
(1318, 'EDUCAR LAS EMOCIONES', 10, 1988, 1, 'FORMATO FISICO', 5),
(1319, 'EL PRINCIPITO', 4, 2000, 1, 'FORMATO FISICO', 3),
(1320, 'NO NACIMOS PA SEMILLA', 4, 2001, 2, 'LIBRO DIGITAL', 4),
(1321, 'EL ALEPH', 7, 1989, 2, 'LIBRO DIGITAL', 5),
(1322, 'PALABRAS SUELTAS', 5, 1983, 1, 'FORMATO FISICO', 7),
(1323, 'LAS MUJERES EN LA GUERRA', 5, 1995, 1, 'FORMATO FISICO', 7),
(1324, 'LA MARCA DE ESPAÑA', 6, 2010, 2, 'LIBRO DIGITAL', 9),
(1325, 'COLECCION DE PINTURA MUSEO NACIONAL DE C', 1, 1985, 2, 'LIBRO DIGITAL', 1),
(1326, 'RELATO DE UN ASESINO', 10, 1995, 2, 'LIBRO DIGITAL', 4),
(1327, 'AMOR ENEMIGO', 7, 2005, 1, 'FORMATO FISICO', 6),
(1328, 'LOS 7 HABITOS DE LA GENTE ALTAMENTE EFEC', 7, 1987, 2, 'LIBRO DIGITAL', 1),
(1329, 'AL FINAL DEL SUEÑO', 10, 1999, 1, 'FORMATO FISICO', 2),
(1330, 'LAS CLAVES DE LA ARGUMENTACION', 9, 1994, 1, 'FORMATO FISICO', 10),
(1331, 'EL PERFUME', 7, 1994, 2, 'LIBRO DIGITAL', 9),
(1332, 'EL TUNEL', 8, 1993, 1, 'FORMATO FISICO', 9),
(1333, 'COLOMBIA UNA NACION A PESAR DE SI MISMA', 8, 2012, 1, 'FORMATO FISICO', 6),
(1334, 'EL VENDEDOR MAS GRANNDE DEL MUNDO', 10, 2004, 2, 'LIBRO DIGITAL', 2),
(1335, 'EL AMOR SE CONSTRUYE', 4, 1993, 2, 'LIBRO DIGITAL', 7),
(1336, 'DE FRENTE Y SIN MIEDO', 4, 1981, 1, 'FORMATO FISICO', 8),
(1337, 'BUDA BLUES', 7, 1992, 2, 'LIBRO DIGITAL', 4),
(1338, 'DEL OTRO LADO DEL JARDIN', 10, 2013, 1, 'FORMATO FISICO', 9),
(1339, 'COMO GANAR CUANDO TODOS PIERDEN', 7, 2001, 2, 'LIBRO DIGITAL', 4),
(1340, 'CONTROL INTERNOI EFECTIVO', 2, 1982, 2, 'LIBRO DIGITAL', 9),
(1341, 'TRIBUS', 10, 1981, 2, 'LIBRO DIGITAL', 10),
(1342, 'LA MUJER DE LOS SUEÑOS ROTOS', 1, 1997, 1, 'FORMATO FISICO', 8),
(1343, 'DISRUPCION EL CAMINO HACIA EL FUTURO', 9, 1985, 1, 'FORMATO FISICO', 9),
(1344, 'CRONICAS MARCIANAS REMASTERIZADO', 5, 1989, 2, 'LIBRO DIGITAL', 8),
(1345, 'SATANAS REMASTERIZADO', 7, 2002, 1, 'FORMATO FISICO', 8),
(1346, 'ACABEMOS YA CON LA CRISIS', 10, 2017, 1, 'FORMATO FISICO', 8),
(1347, 'LAZOS DE SANGRE 4 DESIGNIO', 6, 2015, 2, 'LIBRO DIGITAL', 3),
(1348, 'BUENOS DIAS PRINCESA', 2, 2014, 1, 'FORMATO FISICO', 9),
(1349, 'EL VIAJE TRILOGIA TRYLLE 1', 2, 2007, 2, 'LIBRO DIGITAL', 8),
(1350, 'LA CAIDA TRILOGIA TRYLLE II', 10, 1988, 2, 'LIBRO DIGITAL', 6),
(1351, 'BRAIN TRAINER TODO LO QUE NIÑOS Y ADULTO', 9, 1998, 1, 'FORMATO FISICO', 7),
(1352, 'ESTAMOS CIEGOS', 5, 1983, 1, 'FORMATO FISICO', 2),
(1353, 'EL PIE DE JAIPUR', 10, 2016, 1, 'FORMATO FISICO', 9),
(1354, 'CAZADORES DE SOMBRAS 4 CIUDAD DE LOS ANG', 3, 2013, 2, 'LIBRO DIGITAL', 1),
(1355, 'EL ASCENSO III TRILOGIA TRYLLE', 8, 2000, 2, 'LIBRO DIGITAL', 6),
(1356, 'QUE TIENE ELLA QUE NO TENGA YO', 10, 2014, 2, 'LIBRO DIGITAL', 5),
(1357, 'CAZADORES DE SOMBRAS 5 CIUDAD DE LAS ALM', 6, 2017, 1, 'FORMATO FISICO', 1),
(1358, 'BESAME MUCHO COMO CRIAR ATUS HIJOS CON A', 10, 1993, 1, 'FORMATO FISICO', 4),
(1359, 'PIDEME LO QUE QUIERAS', 6, 2004, 2, 'LIBRO DIGITAL', 10),
(1360, 'CULTURA LATINOAMERICANA N 13', 4, 2012, 1, 'FORMATO FISICO', 3),
(1361, 'CULTURA LATINOAMERICANA N 14', 7, 1988, 2, 'LIBRO DIGITAL', 6),
(1362, 'CUESTION DE DIGNIDAD', 3, 2002, 1, 'FORMATO FISICO', 9),
(1363, 'AMA Y NOS UFRAS', 4, 1997, 2, 'LIBRO DIGITAL', 3),
(1364, 'A SALTO DE MATA CRONICAS DE UN FRACASO', 3, 1986, 1, 'FORMATO FISICO', 3),
(1365, 'CREIA QUE MI PADRE ERA DIOS', 5, 1998, 2, 'LIBRO DIGITAL', 5),
(1366, 'INCREIBLEMENTE SIMPLE', 6, 1998, 2, 'LIBRO DIGITAL', 8),
(1367, 'SEÑOR AHOGA MI DOLOR', 9, 2015, 2, 'LIBRO DIGITAL', 8),
(1368, 'LAS CINCO MENTES DEL FUTURO', 8, 2001, 2, 'LIBRO DIGITAL', 1),
(1369, 'COLOMBIANOS QUE CAMBIAN EL MUNDO', 4, 1989, 2, 'LIBRO DIGITAL', 6),
(1370, 'NO MENDIGUES AMOR', 2, 2005, 1, 'FORMATO FISICO', 2),
(1371, 'BUENO BONITO Y BARATO', 8, 1986, 1, 'FORMATO FISICO', 3),
(1372, 'CANCION DE MAR 1 SIRENAS', 1, 1994, 1, 'FORMATO FISICO', 7),
(1373, 'DIARIO DE INVENTARIO', 1, 2011, 1, 'FORMATO FISICO', 6),
(1374, 'POWERPOINT Y PRESENTACIONES PARA DUMMIES', 1, 2017, 1, 'FORMATO FISICO', 4),
(1375, 'EL GRAN SALTO HACIA LA INNOVACION', 8, 1994, 2, 'LIBRO DIGITAL', 2),
(1376, 'COMO FUNCIONA LA ECONOMIA PARA DUMIES', 2, 1992, 1, 'FORMATO FISICO', 1),
(1377, 'TAUROETICA', 4, 2016, 1, 'FORMATO FISICO', 5),
(1378, 'DE BENEDICTO A FRANCISCO LOS 30 DIAS QUE', 2, 1986, 2, 'LIBRO DIGITAL', 1),
(1379, 'CAZADORES DE SOMBRAS LOS ORIGENES 1', 2, 2016, 2, 'LIBRO DIGITAL', 1),
(1380, 'CAZADORES DE SOMBRAS LOS ORIGENES 2', 4, 2012, 2, 'LIBRO DIGITAL', 9),
(1381, 'AMORES ALTAMENTE PELIGROSOS', 8, 2004, 1, 'FORMATO FISICO', 4),
(1382, 'DESHOJANDO MARGARITAS', 1, 2012, 1, 'FORMATO FISICO', 3),
(1383, 'EL CAMINO DE LOS SABIOS', 5, 2001, 2, 'LIBRO DIGITAL', 9),
(1384, 'CANCION DE MAR 2 ENCANTO', 7, 2001, 2, 'LIBRO DIGITAL', 3),
(1385, 'LA HISTORIA DE MI MAQUINA DE ESCRIBIR', 2, 1981, 1, 'FORMATO FISICO', 8),
(1386, 'LAS REGLAS DE JUEGO DEL TLC', 3, 2014, 1, 'FORMATO FISICO', 4),
(1387, 'LA PRUEBA DEL CIELO', 8, 1995, 1, 'FORMATO FISICO', 1),
(1388, 'DIOS DAME TIEMPO PARA VIVIR', 7, 1981, 2, 'LIBRO DIGITAL', 3),
(1389, 'BROOKLYN FOLLIES', 3, 2011, 1, 'FORMATO FISICO', 6),
(1390, 'TODO LO QUE DEBES SABER SOBRE MARKETING', 10, 1995, 1, 'FORMATO FISICO', 6),
(1391, 'EL ALQUIMISTA', 2, 2002, 1, 'FORMATO FISICO', 7),
(1392, 'HABLANDO SOLA', 5, 2018, 2, 'LIBRO DIGITAL', 9),
(1393, 'CAZADORES DE SOMBRAS LOS ORIGENES 5', 5, 1988, 2, 'LIBRO DIGITAL', 6),
(1394, 'EL SEÑOR DE LOS ANILLON 1 LA COMUNIDAD D', 3, 1993, 1, 'FORMATO FISICO', 7),
(1395, 'EL SEÑOR DE LOS ANILLOS 2 LAS DOS TORRES', 7, 1996, 2, 'LIBRO DIGITAL', 4),
(1396, 'EL SEÑOR DE LOS ANILLOS 3 EL RETORNO DEL', 9, 1999, 1, 'FORMATO FISICO', 8),
(1397, 'EL SILMARILLION', 1, 2003, 1, 'FORMATO FISICO', 5),
(1398, 'ENAMORADOS O ESCLAVIZADOS', 5, 1987, 1, 'FORMATO FISICO', 6),
(1399, 'DEJAME GRITAR', 5, 1990, 2, 'LIBRO DIGITAL', 3),
(1400, 'FRANCISCO EL PAPA DEL PUEBLO', 3, 2003, 1, 'FORMATO FISICO', 1),
(1401, 'CANCION DE MAR 3 OLAS', 9, 1981, 1, 'FORMATO FISICO', 2),
(1402, 'EL HIDALGO DE BRAGUETA Y OTRAS FABULAS D', 3, 1985, 2, 'LIBRO DIGITAL', 3),
(1403, 'ESPARRAGOS PARA DOS LEONES', 5, 2018, 1, 'FORMATO FISICO', 3),
(1404, 'EL JINETE DE BUCENTAURO', 2, 1987, 1, 'FORMATO FISICO', 9),
(1405, 'CIRCO MAXIMO', 4, 1985, 1, 'FORMATO FISICO', 10),
(1406, 'ORTOGRAFIA ESCOLAR DE LA LENGUA ESPAÑOLA', 8, 2014, 1, 'FORMATO FISICO', 6),
(1407, 'ANIMATE', 2, 2006, 1, 'FORMATO FISICO', 9),
(1408, 'EL ALCARAVAN', 9, 1999, 2, 'LIBRO DIGITAL', 6),
(1409, 'COLOMBIA ES MUNDIAL LOS SECRETOS DE LA C', 6, 1980, 1, 'FORMATO FISICO', 6),
(1410, 'LAS RECETAS DE @ SASCHAFITNESS', 4, 1991, 2, 'LIBRO DIGITAL', 5),
(1411, 'LA ETICA Y LA DEFENSA DE LO PUBLICO', 4, 1990, 1, 'FORMATO FISICO', 6),
(1412, 'INTRODUCCION AL DERECHO ECONOMICO', 1, 1986, 2, 'LIBRO DIGITAL', 4),
(1413, 'LA BATALLA DE BAGDAD', 1, 1986, 2, 'LIBRO DIGITAL', 6),
(1414, 'NO MAS BULLYING', 8, 2003, 2, 'LIBRO DIGITAL', 10),
(1415, 'CANCION DE MAR 4 ELEGIA', 7, 2003, 2, 'LIBRO DIGITAL', 10),
(1416, 'ANGOSTA', 5, 2008, 1, 'FORMATO FISICO', 3),
(1417, 'ERNESTO GUEVARA TAMBIEN CONOCIDO COMO EL', 1, 1989, 1, 'FORMATO FISICO', 8),
(1418, 'EL LOBO DE WALL STREET', 4, 2015, 2, 'LIBRO DIGITAL', 5),
(1419, 'LA GENERACION APP', 2, 2015, 1, 'FORMATO FISICO', 2),
(1420, 'HIJOS BRILLANTES ALUMNOS FASCINANTES', 2, 2006, 1, 'FORMATO FISICO', 4),
(1421, 'EL PODER DE LAS DECISIONES', 4, 2008, 2, 'LIBRO DIGITAL', 10),
(1422, 'LAS CRONICAS DE NARNIA ESTUCHE', 5, 2013, 2, 'LIBRO DIGITAL', 5),
(1423, 'NARNIA 1 EL SOBRINO DEL MAGO', 8, 1983, 2, 'LIBRO DIGITAL', 6),
(1424, 'NARNIA 2 EL LEON, LA BRUJA Y EL ARMARIO', 4, 2011, 2, 'LIBRO DIGITAL', 8),
(1425, 'NARNIA 3 EL CABALLO Y EL MUCHACHO', 2, 1986, 1, 'FORMATO FISICO', 3),
(1426, 'NARNIA 4 EL PRINCIPE CASPIAN', 7, 2014, 1, 'FORMATO FISICO', 7),
(1427, 'NARNIA 5 LA TRAVESIA DEL VIAJERO DEL ALB', 2, 1995, 2, 'LIBRO DIGITAL', 1),
(1428, 'NARNIA 6 LA SILLA DE PLATA', 8, 1993, 1, 'FORMATO FISICO', 5),
(1429, 'NARNIA 7 LA ULTIMA BATALLA', 5, 1983, 1, 'FORMATO FISICO', 4),
(1430, 'FIGURACIONES MIAS', 9, 1989, 2, 'LIBRO DIGITAL', 9),
(1431, 'ORTOGRAFIA Y GRAMATICA PARA DUMMIES', 7, 1983, 1, 'FORMATO FISICO', 8),
(1432, 'COMO FUNCIONA TU CEREBRO PARA DUMMIES', 8, 1992, 2, 'LIBRO DIGITAL', 6),
(1433, 'DE QUE HABLO CUANDO HABLO DE CORRER', 4, 2015, 1, 'FORMATO FISICO', 3),
(1434, 'DESCUBRE A LOS ANGELES EN FAMILIA + CD -', 6, 1984, 1, 'FORMATO FISICO', 10),
(1435, 'EL DESAMOR DE LAS PAREJAS PERFECTAS', 8, 1981, 1, 'FORMATO FISICO', 8),
(1436, 'EL AMANECER DE UN MARIDO', 3, 1992, 2, 'LIBRO DIGITAL', 4),
(1437, 'EL OLVIDO QUE SEREMOS', 8, 1985, 2, 'LIBRO DIGITAL', 1),
(1438, 'EL METODO FUN2FIT', 7, 2005, 2, 'LIBRO DIGITAL', 6),
(1439, 'JUAN PABLO II ESTOY EN TUS MANOS', 2, 2018, 2, 'LIBRO DIGITAL', 6),
(1440, 'OSHO INOCENCIA, SABER Y ASOMBRO', 1, 1999, 2, 'LIBRO DIGITAL', 3),
(1441, 'PROHIBIDO ENTRAR SIN PANTALONES', 10, 2002, 2, 'LIBRO DIGITAL', 6),
(1442, 'BALON DIVIDIDO', 3, 1980, 1, 'FORMATO FISICO', 4),
(1443, 'APOCALIPSIS', 4, 1980, 1, 'FORMATO FISICO', 4),
(1444, 'LA LLAMA DOBLE', 8, 1999, 2, 'LIBRO DIGITAL', 3),
(1445, 'A TRES METROS SOBRE EL CIELO', 8, 1991, 1, 'FORMATO FISICO', 9),
(1446, 'CAROLINA SE ENAMORA', 6, 1991, 2, 'LIBRO DIGITAL', 7),
(1447, 'CULTURA LATINOAMERICANA N 16', 10, 2006, 2, 'LIBRO DIGITAL', 6),
(1448, 'CULTURA LATINOAMERICANA N 17', 2, 2017, 2, 'LIBRO DIGITAL', 5),
(1449, 'CULTURA LATINOAMERICANA N 18', 7, 1980, 1, 'FORMATO FISICO', 2),
(1450, 'ASNO MUJER Y NUEZ', 6, 1995, 2, 'LIBRO DIGITAL', 7),
(1451, 'EL LIDER QUE LLEVAS DENTRO', 6, 1997, 1, 'FORMATO FISICO', 5),
(1452, 'COMO VENDER SU MARCA PERSONAL', 2, 2009, 1, 'FORMATO FISICO', 2),
(1453, 'SEDA NEGRA', 8, 1987, 2, 'LIBRO DIGITAL', 5),
(1454, 'MAX', 6, 2002, 2, 'LIBRO DIGITAL', 4),
(1455, 'LA RIQUEZA DE UNOS POCOS NOS BENEFICIA A', 9, 2015, 2, 'LIBRO DIGITAL', 8),
(1456, 'LA CONDICION HUMANA', 1, 1986, 2, 'LIBRO DIGITAL', 7),
(1457, 'POTENCIA TU ENERGIA E2', 7, 2006, 1, 'FORMATO FISICO', 5),
(1458, 'LA CONSPIRACION', 8, 1999, 1, 'FORMATO FISICO', 2),
(1459, 'EL VENCEDOR ESTA SOLO', 10, 1998, 2, 'LIBRO DIGITAL', 5),
(1460, 'EL PEREGRINO DE COMPOSTELA', 6, 2001, 1, 'FORMATO FISICO', 4),
(1461, 'BRIDA PAULO COELHO', 1, 2009, 1, 'FORMATO FISICO', 9),
(1462, 'ONCE MINUTOS', 4, 1996, 2, 'LIBRO DIGITAL', 8),
(1463, 'EL DEMONIO Y LA SEÑORITA PRYM', 1, 2003, 1, 'FORMATO FISICO', 6),
(1464, 'VERONIKA DECIDE MORIR', 10, 1980, 1, 'FORMATO FISICO', 8),
(1465, 'CULTURA LATINOAMERICANAN 19', 9, 2001, 2, 'LIBRO DIGITAL', 7),
(1466, 'LA VIDA ESTA EN OTRA PARTE', 4, 1982, 1, 'FORMATO FISICO', 3),
(1467, 'EL MISTERIO DE LA ORQUIDEA CALAVERA', 4, 1992, 1, 'FORMATO FISICO', 3),
(1468, 'ESTUDIO DEL DERECHO NOTARIAL', 9, 2012, 2, 'LIBRO DIGITAL', 1),
(1469, 'TEORIA Y PRACTICA DE LA PRUEBA JUDICIAL', 2, 2003, 1, 'FORMATO FISICO', 4),
(1470, 'MAL EDUCADA', 7, 2002, 2, 'LIBRO DIGITAL', 5),
(1471, 'LUCINDA DE REGRESO AL CIELO', 10, 1990, 2, 'LIBRO DIGITAL', 6),
(1472, 'DE FERRARI A LOS ROLLING STONES', 4, 2015, 1, 'FORMATO FISICO', 9),
(1473, 'LAS 12 LEYES DE LA NEGOCIACION', 8, 1992, 1, 'FORMATO FISICO', 2),
(1474, 'BALTHAZAR', 5, 2001, 2, 'LIBRO DIGITAL', 1),
(1475, 'THEODORE BOONE', 4, 2014, 1, 'FORMATO FISICO', 2),
(1476, 'OSCUROS LA TRAMPA DEL AMOR', 4, 1984, 1, 'FORMATO FISICO', 6),
(1477, 'THEODORE BOONE', 10, 2003, 1, 'FORMATO FISICO', 3),
(1478, 'QUEDENSE EN L ATRINCHERA Y LUEGO CORRAN', 3, 1999, 2, 'LIBRO DIGITAL', 2),
(1479, 'DONDE ESTA LA FRANJA AMARILLA', 1, 1988, 2, 'LIBRO DIGITAL', 9),
(1480, 'URSUA', 3, 2013, 1, 'FORMATO FISICO', 6),
(1481, 'EL PAIS DE LA CANELA', 8, 2003, 1, 'FORMATO FISICO', 10),
(1482, 'LA ESCUELA', 1, 1995, 2, 'LIBRO DIGITAL', 10),
(1483, 'LA SOMBRA DE LA SERPIENTE', 3, 1982, 2, 'LIBRO DIGITAL', 10),
(1484, 'PIE DE BRUJA', 4, 1985, 1, 'FORMATO FISICO', 8),
(1485, 'EL HEROE PERDIDO', 1, 2010, 1, 'FORMATO FISICO', 1),
(1486, 'EL HIJO DE NEPTUNO', 8, 2013, 1, 'FORMATO FISICO', 5),
(1487, 'EL HOMBRE QUE NO FUE JUEVES', 7, 1988, 2, 'LIBRO DIGITAL', 7),
(1488, 'MEDIOCRISTAN ES UN PAIS TRANQUILO', 2, 2017, 1, 'FORMATO FISICO', 1),
(1489, 'CONVERSACIONES CON DIOS III', 10, 2003, 2, 'LIBRO DIGITAL', 3),
(1490, 'CONVERSACIONES CON DIOS II', 3, 1982, 2, 'LIBRO DIGITAL', 3),
(1491, 'CONVERSACIONES CON DIOS I', 4, 2014, 1, 'FORMATO FISICO', 7),
(1492, 'EL PODER DEL PENSAMIENTO TENAZ', 1, 2001, 2, 'LIBRO DIGITAL', 7),
(1493, 'SIDDHARTHA', 7, 2005, 1, 'FORMATO FISICO', 6),
(1494, 'HIJA DE LA FORTUNA', 6, 2015, 2, 'LIBRO DIGITAL', 10),
(1495, 'EL PODER DE LA INTENCION', 7, 2004, 2, 'LIBRO DIGITAL', 5),
(1496, 'PODER SIN LIMITES', 7, 2008, 1, 'FORMATO FISICO', 3),
(1497, 'COMPASION', 1, 1994, 1, 'FORMATO FISICO', 6),
(1498, 'ESTAMBUL CIUDAD Y RECUERDOS', 3, 1980, 1, 'FORMATO FISICO', 10),
(1499, 'EN BUSAC DEL EQUILIBRIO', 9, 2012, 2, 'LIBRO DIGITAL', 6),
(1500, 'EL EJERCITO PERDIDO', 9, 1992, 1, 'FORMATO FISICO', 5),
(1501, 'GOMORRA', 3, 2008, 1, 'FORMATO FISICO', 6),
(1502, 'CUENTOS CHINOS', 7, 2010, 2, 'LIBRO DIGITAL', 8),
(1503, 'PSICOMAGIA', 5, 2012, 2, 'LIBRO DIGITAL', 7),
(1504, 'BALTHAZAR', 1, 1981, 1, 'FORMATO FISICO', 3),
(1505, 'JUSTINE', 9, 1987, 2, 'LIBRO DIGITAL', 10);
INSERT INTO `libro` (`idLibro`, `nombreLibro`, `idEditorial`, `anio`, `idCategoria`, `descripcion`, `idAutor`) VALUES
(1506, 'MOUNTOLIVE', 3, 1989, 1, 'FORMATO FISICO', 6),
(1507, 'CLEA', 1, 1992, 2, 'LIBRO DIGITAL', 3),
(1508, 'QUIEN TE LLORARA CUANDO MUERAS', 9, 1984, 2, 'LIBRO DIGITAL', 10),
(1509, 'FRUTOTERAPIA NUTRICION Y SALUD', 4, 2015, 1, 'FORMATO FISICO', 10),
(1510, 'SOLUCIONARIO DE BALDOR', 3, 2010, 1, 'FORMATO FISICO', 9),
(1511, 'LOGICA DE PROGRAMACION 2 ED', 1, 2000, 2, 'LIBRO DIGITAL', 5),
(1512, 'DICCIONARIO DE PERIODISMO PUBLICACIONES', 3, 1998, 1, 'FORMATO FISICO', 7),
(1513, 'CONTABILIDAD DE COSTOS', 3, 1994, 1, 'FORMATO FISICO', 2),
(1514, 'DICCIONARIO DE COMERCIO INTERNACIONAL', 4, 2003, 2, 'LIBRO DIGITAL', 10),
(1515, 'SALUD OCUPACIONAL', 6, 2014, 1, 'FORMATO FISICO', 10),
(1516, 'PRUEVAS SELECTIVAS EN LA AUDITORIA', 2, 1985, 1, 'FORMATO FISICO', 9),
(1517, 'EVALUACION DE PROYECTOS PARA INGENIEROS', 8, 1994, 1, 'FORMATO FISICO', 7),
(1518, 'CREACION CONSOLIDARIA DE EMPRESAS', 7, 1996, 2, 'LIBRO DIGITAL', 9),
(1519, 'CONTABILIDAD ADMINISTRATIVA', 4, 1997, 2, 'LIBRO DIGITAL', 10),
(1520, 'RESPONSABILIDAD EXTRACONTRACTUAL', 3, 2007, 2, 'LIBRO DIGITAL', 2),
(1521, 'SEGURIDAD INDUSTRIAL', 6, 2004, 1, 'FORMATO FISICO', 9),
(1522, 'MODELOS FINANCIEROS CON EXCEL', 6, 2002, 2, 'LIBRO DIGITAL', 7),
(1523, 'ADMINISTRACION PARA INGENIEROS', 2, 2008, 2, 'LIBRO DIGITAL', 3),
(1524, 'INDICADORES DE LA GESTION LOGICA 2 ED', 8, 2011, 2, 'LIBRO DIGITAL', 2),
(1525, 'TEORIAS CONTEMPORANEAS DE LA ORGANIZACIO', 2, 1980, 1, 'FORMATO FISICO', 5),
(1526, 'GESTION LOGISTICA INTEGRAL', 2, 1981, 1, 'FORMATO FISICO', 5),
(1527, 'DICCIONARIO DE TERMINOS FINANCIEROS Y BA', 1, 2003, 1, 'FORMATO FISICO', 1),
(1528, 'INVENTARIOS', 7, 2009, 2, 'LIBRO DIGITAL', 6),
(1529, 'COMO LEER MEJOR', 6, 2006, 2, 'LIBRO DIGITAL', 7),
(1530, 'FUNDAMENTOS DE MATEMATICAS', 10, 1992, 1, 'FORMATO FISICO', 9),
(1531, 'GEOMETRIA DESCRIPTIVA', 2, 2006, 1, 'FORMATO FISICO', 8),
(1532, 'METODOLOGIA DE LA INVESTIGACION', 4, 1988, 1, 'FORMATO FISICO', 5),
(1533, 'PATRIMONIO DE LAS SOCIEDADES COMERCIALES', 1, 1984, 2, 'LIBRO DIGITAL', 10),
(1534, 'ESTADO DE RESULTADOS PROCESOS CONTABLES', 10, 1990, 1, 'FORMATO FISICO', 7),
(1535, 'PEDAGOGIA Y APRENDIZAJE', 2, 2016, 2, 'LIBRO DIGITAL', 7),
(1536, 'COSTOS DECISIONES EMPRESARIALES', 7, 2012, 1, 'FORMATO FISICO', 9),
(1537, 'PROGRAMACION LINEAL APLICADA', 8, 2016, 2, 'LIBRO DIGITAL', 8),
(1538, 'ESTADO DE FLUJOS DE EFECTIVO 2 ED', 2, 1988, 2, 'LIBRO DIGITAL', 10),
(1539, 'INGENIERIA DE METODOS MOVIMIENTOS Y TIEM', 2, 1986, 2, 'LIBRO DIGITAL', 6),
(1540, 'COMPRENCION TEXTUAL', 4, 2010, 2, 'LIBRO DIGITAL', 1),
(1541, 'ENSEÑANZA Y DIDACTICA UNIVERSITARIA', 3, 2005, 2, 'LIBRO DIGITAL', 4),
(1542, 'NEGOCIACION ARTE EMPRESARIAL', 8, 2000, 1, 'FORMATO FISICO', 10),
(1543, 'ESTRATEGIAS PARA LA ENSEÑANZA DE LA CONT', 4, 1993, 2, 'LIBRO DIGITAL', 10),
(1544, 'TOMA DE DECISIONES GERENCIALES', 6, 2009, 2, 'LIBRO DIGITAL', 1),
(1545, 'FUNDAMENTOS DE ADMINISTRACION', 3, 1995, 2, 'LIBRO DIGITAL', 6),
(1546, 'CADENAS DE ABASTECIMIENTO DINAMICAS', 1, 1980, 2, 'LIBRO DIGITAL', 3),
(1547, 'COMPETENCIAS GERENCIALES', 10, 2017, 2, 'LIBRO DIGITAL', 5),
(1548, 'MODELOS DE OPTIMIZACION DE LA GESTION LO', 7, 2007, 1, 'FORMATO FISICO', 4),
(1549, 'PROYECTOS DE INVERSION PARA LAS PYME', 7, 1980, 1, 'FORMATO FISICO', 6),
(1550, 'GESTION DEL TALENTO HUMANO Y DEL CONOCIM', 8, 2008, 2, 'LIBRO DIGITAL', 3),
(1551, 'COMO HACER TESIS DE MAESTRIA', 10, 1999, 1, 'FORMATO FISICO', 8),
(1552, 'VALORACION DE EMPRESAS', 7, 1987, 2, 'LIBRO DIGITAL', 3),
(1553, 'DIRECCION ESTRATEGICA', 10, 2015, 2, 'LIBRO DIGITAL', 7),
(1554, 'TEORIA GENERAL DEL PROCESO', 3, 1990, 2, 'LIBRO DIGITAL', 9),
(1555, 'CONTABILIDAD DE ENTIDADES DE ECONOMIA SO', 8, 1993, 2, 'LIBRO DIGITAL', 7),
(1556, 'REVISORIA FISCAL', 2, 2005, 1, 'FORMATO FISICO', 2),
(1557, 'PRESUPUESTOS EMPRESARIALES', 10, 2000, 2, 'LIBRO DIGITAL', 5),
(1558, 'NOTARIAS ASPECTOS ADMINISTRATIVOS CONTAB', 8, 2014, 1, 'FORMATO FISICO', 2),
(1559, 'ENSEÑAR EN LA UNIVERSIDAD', 9, 2007, 1, 'FORMATO FISICO', 9),
(1560, 'INGENIERIA ECONOMICA PRACTICA', 9, 1993, 1, 'FORMATO FISICO', 3),
(1561, 'CONTABILIDAD GENERAL 4 ED', 7, 2001, 1, 'FORMATO FISICO', 9),
(1562, 'ESTADISTICA Y MUESTREO', 10, 2017, 2, 'LIBRO DIGITAL', 9),
(1563, 'COSTOS APLICADOS EN OTELERIA ALIMENTOS Y', 5, 1998, 2, 'LIBRO DIGITAL', 9),
(1564, 'GESTION LOGICA EN CENTRO DE DISTRIBUCION', 7, 2008, 2, 'LIBRO DIGITAL', 9),
(1565, 'CONTABILIDA TRIBUTARIA', 4, 2014, 1, 'FORMATO FISICO', 6),
(1566, 'ANALISIS SECTORIAL Y COMPETITIVIDAD', 8, 1990, 1, 'FORMATO FISICO', 4),
(1567, 'EVALUACION DEL IMPACTO AMBIENTAL CONCEPT', 1, 1992, 1, 'FORMATO FISICO', 7),
(1568, 'COMUNICACION EMPRESARIAL', 7, 1991, 1, 'FORMATO FISICO', 3),
(1569, 'AUDITORIA INTEGRAL NORMAS Y PROCEDIMIENT', 4, 2003, 2, 'LIBRO DIGITAL', 6),
(1570, 'TEORIA GENERAL DEL DERECHO', 8, 2013, 2, 'LIBRO DIGITAL', 10),
(1571, 'FUNDAMENTOS DE MARKETING', 6, 1982, 2, 'LIBRO DIGITAL', 3),
(1572, 'HABILIDADES GERENCIALES', 5, 1986, 2, 'LIBRO DIGITAL', 3),
(1573, 'ESTADISTICA BASICA APLICADA', 7, 1994, 1, 'FORMATO FISICO', 7),
(1574, 'DISEÑE Y ADMINISTRE SU EMPRESA ORIENTADA', 8, 2002, 2, 'LIBRO DIGITAL', 9),
(1575, 'COMO ELABORA TRABAJOS DE GRADO 2 ED', 4, 2007, 2, 'LIBRO DIGITAL', 8),
(1576, 'ESTADOS FINANCIEROS BASICOS BAJO NIC NII', 7, 2017, 2, 'LIBRO DIGITAL', 10),
(1577, 'INCERTIDUMBRE Y RIESGOS', 5, 2009, 2, 'LIBRO DIGITAL', 3),
(1578, 'ADMINISTRACION DE PROYECTOS DE INFORMATI', 6, 1994, 1, 'FORMATO FISICO', 6),
(1579, 'INVESTIGACION EN LA GESTION EMPRESARIAL', 10, 1981, 2, 'LIBRO DIGITAL', 3),
(1580, 'SEMIOTICA Y LINGUISTICA', 1, 1985, 2, 'LIBRO DIGITAL', 5),
(1581, 'FORMACION INTEGRAL Y COMPETENCIAS', 9, 1984, 1, 'FORMATO FISICO', 7),
(1582, 'TURISMO TENDENCIAS GLOBALES Y PLANIFICAC', 7, 2006, 2, 'LIBRO DIGITAL', 1),
(1583, 'EVALUACION FINANCIERA DE PROYECTOS', 8, 2016, 1, 'FORMATO FISICO', 5),
(1584, 'ETICA INTEGRAL', 10, 1994, 1, 'FORMATO FISICO', 6),
(1585, 'ESTRATEGIAS EMPRESARIALES', 8, 1991, 2, 'LIBRO DIGITAL', 8),
(1586, 'SEGURIDAD Y SALUD EN EL TRABAJO', 7, 1981, 1, 'FORMATO FISICO', 5),
(1587, 'PRODUCCION Y OPERACIONES APLICADAS A LAS', 8, 1990, 2, 'LIBRO DIGITAL', 4),
(1588, 'ADMINISTRACION DE SISTEMAS GESTORES DE B', 4, 2003, 2, 'LIBRO DIGITAL', 2),
(1589, 'ESTANDARES NORMAS INTERNACIONALES DE INF', 4, 2000, 2, 'LIBRO DIGITAL', 5),
(1590, 'PRESUPUESTO PUBLICO Y CONTABILIDAD', 3, 2007, 1, 'FORMATO FISICO', 1),
(1591, 'CREATIVIDAD EMPRESARIAL', 5, 1997, 2, 'LIBRO DIGITAL', 2),
(1592, 'PLANES DE CONTINGENCIAS', 10, 1988, 2, 'LIBRO DIGITAL', 3),
(1593, 'ECOTURISMO OFERTA Y DESARROLLO SISTEMICO', 10, 1994, 1, 'FORMATO FISICO', 1),
(1594, 'LA DIMENSION ETICA DE LA EMPRESA', 5, 2016, 2, 'LIBRO DIGITAL', 5),
(1595, 'MATEMATICAS PARA INFORMATICA', 6, 1989, 2, 'LIBRO DIGITAL', 6),
(1596, 'METODOS DE COMPENSACION BASADOS EN COMPE', 2, 1998, 2, 'LIBRO DIGITAL', 3),
(1597, 'INTRODUCCION A LA TEORIA DE LA PROBABILI', 7, 1984, 1, 'FORMATO FISICO', 6),
(1598, 'COMUNICACION ORGANIZACIONAL', 1, 2016, 1, 'FORMATO FISICO', 1),
(1599, 'INTRODUCCION A LA ESTADISTICA MATEMATICA', 5, 1994, 2, 'LIBRO DIGITAL', 4),
(1600, 'MATEMATICAS FINANCIERAS APLICADAS', 3, 2009, 1, 'FORMATO FISICO', 7),
(1601, 'ESTADOS FINANCIEROS CONSOLIDACION Y METO', 9, 2018, 1, 'FORMATO FISICO', 8),
(1602, 'ENTENDIENDO LO BASICO LOS IFRS NIF BIEN', 6, 2004, 1, 'FORMATO FISICO', 10),
(1603, 'INTRODUCCION A LA INGENIERIA', 6, 1995, 1, 'FORMATO FISICO', 5),
(1604, 'IFRS NIF PLENOS A SU ALCANCE', 2, 1999, 1, 'FORMATO FISICO', 5),
(1605, 'PAPELES DE TRABAJO EN LA AUDITORIA FINAN', 3, 1981, 2, 'LIBRO DIGITAL', 4),
(1606, 'GEOPOLITOCA DE LOS NEGOCIOS Y MERCADOS', 10, 2015, 2, 'LIBRO DIGITAL', 9),
(1607, 'PORTAFOLIO DE PROYECTOS CON EXCEL', 6, 2002, 1, 'FORMATO FISICO', 2),
(1608, 'INDUSTRIA DE LA MODA', 1, 2017, 1, 'FORMATO FISICO', 3),
(1609, 'ESCRIBIR A SU ALCANCE', 10, 2016, 1, 'FORMATO FISICO', 7),
(1610, 'IFRS NIF PARA EL SECRETO SOLIDARIO', 9, 2016, 2, 'LIBRO DIGITAL', 2),
(1611, 'HACIENDA PUBLICA 5 ED', 3, 2009, 2, 'LIBRO DIGITAL', 8),
(1612, 'CARTILLA IMPUESTO AL VALOR AGRAGADO', 6, 1987, 2, 'LIBRO DIGITAL', 1),
(1613, 'CARTILLA DE RETENCION EN LA FUENTE', 9, 2012, 2, 'LIBRO DIGITAL', 3),
(1614, 'DE LAS SOCIEDADES COMERCIALES 7 ED', 9, 1986, 1, 'FORMATO FISICO', 5),
(1615, 'INFORMACION EXOGENA EN MEDIOS ELECTRONIC', 7, 1982, 2, 'LIBRO DIGITAL', 3),
(1616, 'ESTATUTO TRIBUTARIO', 9, 1996, 2, 'LIBRO DIGITAL', 4),
(1617, 'TRATADOS DE LIBRE COMERCIO', 7, 2010, 1, 'FORMATO FISICO', 7),
(1618, 'GERENCIA DEL SERVICIO', 6, 2003, 2, 'LIBRO DIGITAL', 10),
(1619, 'CALIDAD Y SERVICIO CONCEPTOS Y HERRAMIEN', 8, 2005, 2, 'LIBRO DIGITAL', 1),
(1620, 'TEORIA DE LA DECISION APLICADA', 9, 2008, 2, 'LIBRO DIGITAL', 3),
(1621, 'MANUAL CONTABLE EN LA IMPLEMENTACION DE', 1, 1999, 2, 'LIBRO DIGITAL', 2),
(1622, 'DE LOS CONTRATOS MERCANTILES', 1, 1992, 1, 'FORMATO FISICO', 10),
(1623, 'CONTRATACION PUBLICA 6 ED', 4, 1981, 2, 'LIBRO DIGITAL', 7),
(1624, 'CONTABILIDAD DE GESTION PARA EL SECTOR P', 5, 1990, 2, 'LIBRO DIGITAL', 5),
(1625, 'TENDENCIAS GERENCIALES', 1, 1985, 1, 'FORMATO FISICO', 9),
(1626, 'ALIMENTACION SANA VS TRANSGENICOS ADITIV', 6, 2011, 1, 'FORMATO FISICO', 10),
(1627, 'ENSAYOS BREVES SOBRE LA RELIGION', 8, 2000, 2, 'LIBRO DIGITAL', 3),
(1628, 'QUIMICA CON LA MUERTE SKUDMART', 10, 2018, 1, 'FORMATO FISICO', 6),
(1629, 'LA HISTORIA DE LAS GUERRAS', 1, 2007, 1, 'FORMATO FISICO', 4),
(1630, 'INTELIGENCIA RELACIONAL', 3, 1980, 2, 'LIBRO DIGITAL', 2),
(1631, 'VOCABULARIO CATOLICO EN LENGUA DE SEÑAS', 2, 1981, 2, 'LIBRO DIGITAL', 6),
(1632, 'DESARROLLO DE HABILIDADES COGNITIVAS', 10, 1980, 1, 'FORMATO FISICO', 6),
(1633, 'LITERATURA HISTORIA Y POLITICA UNA LECTU', 1, 2001, 2, 'LIBRO DIGITAL', 5),
(1634, 'MIRADA PLURIDICIPLINAR AL ECHO RELIGIOSO', 2, 2013, 1, 'FORMATO FISICO', 6),
(1635, 'FUNDAMENTOS DE MATEMATICAS PARA ADMINIST', 4, 1998, 1, 'FORMATO FISICO', 6),
(1636, 'SEGUNDO SEMINARIO FRANCISCANO SOBRE ECUM', 5, 2010, 1, 'FORMATO FISICO', 7),
(1637, 'HABERMAS Y LUHMANN', 3, 1991, 1, 'FORMATO FISICO', 8),
(1638, 'LA FORMACION INICIAL DEL DOCENTE COMO IN', 6, 1990, 1, 'FORMATO FISICO', 1),
(1639, 'MUJERES LIBERTADORAS DE AMERICA', 2, 2003, 2, 'LIBRO DIGITAL', 4),
(1640, 'LECTURAS ANALITICAS UNA INTRODUCCION A T', 3, 1995, 1, 'FORMATO FISICO', 8),
(1641, 'LOGICAS DE LA FILLOSOFIA DE LA HISTORIA', 9, 1983, 1, 'FORMATO FISICO', 10),
(1642, 'EXPERIENCIAS EDUCATIVAS DIGITALES', 8, 2013, 1, 'FORMATO FISICO', 4),
(1643, 'REFLEXIONES SOBRE ECUMENISMO Y DIALOGO I', 5, 1983, 1, 'FORMATO FISICO', 10),
(1644, 'REFLEXIONES Y PERSPECTIVAS SOBRE EDUCACI', 4, 2015, 1, 'FORMATO FISICO', 3),
(1645, 'LA ENSEÑANZA DE LA FILOSOFIA', 5, 1993, 2, 'LIBRO DIGITAL', 3),
(1646, 'PEDAGOGIA Y DIDACTICA APROXIMACIONES DES', 2, 2002, 1, 'FORMATO FISICO', 8),
(1647, 'EDUCACION RELIGIOSA ESCOLAR Y PEDAGOGIAS', 7, 2004, 2, 'LIBRO DIGITAL', 1),
(1648, 'TRADICION Y ESTADO', 6, 1990, 1, 'FORMATO FISICO', 9),
(1649, 'VAMOS A MEDIAR GUIA PRCTICA DE PROCEDIMI', 1, 2015, 1, 'FORMATO FISICO', 5),
(1650, 'NEOPENTECOSTALISMO Y POLITICA', 7, 2011, 2, 'LIBRO DIGITAL', 8),
(1651, 'EL INFORMANTE', 1, 1980, 1, 'FORMATO FISICO', 5),
(1652, 'CALI EDUCACION IDENTIDAD Y COMPORTAMIENT', 3, 2017, 2, 'LIBRO DIGITAL', 8),
(1653, 'DE LA METODOLOGIA A LA METODICA', 3, 2004, 1, 'FORMATO FISICO', 6),
(1654, 'URDIMBRES', 10, 1986, 1, 'FORMATO FISICO', 8),
(1655, 'HISTORIA EMPRESARIAL Y DESARROLLO', 1, 2012, 2, 'LIBRO DIGITAL', 7),
(1656, 'PLANIFICACION DE PROYECTOS PARA MEJORA D', 8, 1992, 1, 'FORMATO FISICO', 1),
(1657, 'LA DECONSTRUCCION Y RECONSTRUCCION DEL S', 3, 1984, 1, 'FORMATO FISICO', 4),
(1658, 'PROBLEMAS CONTEMPORANEOS DEL DERECHO 1', 3, 1984, 1, 'FORMATO FISICO', 7),
(1659, 'IMPLEMENTACION DE HERRAMIENTAS GENERADOR', 9, 1984, 2, 'LIBRO DIGITAL', 2),
(1660, 'COLEGIOS DE MISIONES FRANCISCANOS', 10, 1994, 1, 'FORMATO FISICO', 6),
(1661, 'CIVILIZACION Y ETHOS', 9, 1988, 2, 'LIBRO DIGITAL', 10),
(1662, 'CRONICAS SI VEN A ALGUIEN VIVO', 5, 2007, 2, 'LIBRO DIGITAL', 1),
(1663, 'MEDIACION COMUNICACION PARA LA TRANSFORM', 4, 2013, 2, 'LIBRO DIGITAL', 9),
(1664, 'DESPLAZADOS ENTRE DOS FUEGOS', 10, 2018, 1, 'FORMATO FISICO', 1),
(1665, 'EXPEDICION HACIA EL INTERIOR', 7, 1993, 1, 'FORMATO FISICO', 9),
(1666, 'LA TANATOPOLITICA Y SU VIOLENCIA', 4, 2008, 2, 'LIBRO DIGITAL', 4),
(1667, 'EL SWINGER ENTRE EL PLACER Y EL AFECTO', 10, 2017, 2, 'LIBRO DIGITAL', 8),
(1668, 'CUERPOS EN LA LITERATURA', 3, 1983, 1, 'FORMATO FISICO', 9),
(1669, 'PRACTICAS DE LABORATORIO DE REDES SOBRE', 1, 2013, 2, 'LIBRO DIGITAL', 7),
(1670, 'TRAYECTOS Y REFLEXIONES EN LA CONSTRUCCI', 6, 1989, 2, 'LIBRO DIGITAL', 6),
(1671, 'GRAMATICAS ACTUALES DE LA RELACION HOMBR', 1, 1990, 2, 'LIBRO DIGITAL', 10),
(1672, 'SISTEMAS AVANZADOS DE GESTION', 3, 1984, 1, 'FORMATO FISICO', 6),
(1673, 'PALABRA PLENA', 7, 2009, 2, 'LIBRO DIGITAL', 9),
(1674, 'ABORDAJES PSICOANALITICOS A INQUIETUDES', 5, 1998, 1, 'FORMATO FISICO', 9),
(1675, 'ANALISIS PROSPECTIVO PARA LA AGROINDUSTR', 6, 1980, 2, 'LIBRO DIGITAL', 8),
(1676, 'EMPRESA DE FAMILIA RELACION Y CONFLICTOS', 9, 1998, 1, 'FORMATO FISICO', 5),
(1677, 'DISCURSO PODER Y SUBJETIVIDAD', 3, 1985, 1, 'FORMATO FISICO', 5),
(1678, 'SUJETO Y SUBJETIVIDAD IDENTIDAD DEL', 6, 2010, 1, 'FORMATO FISICO', 10),
(1679, 'LOS CICLOS DE LA MODA', 2, 1982, 1, 'FORMATO FISICO', 9),
(1680, 'JOVENES UNIVERSITARIOS CONTEMPORANEOS', 9, 1984, 2, 'LIBRO DIGITAL', 2),
(1681, 'RESPONSABILIDAD SOCIALES', 5, 2011, 2, 'LIBRO DIGITAL', 8),
(1682, '10 AÑOS DE INVESTIGACION EN NEUROPSICOLO', 6, 2012, 2, 'LIBRO DIGITAL', 10),
(1683, 'LA GUERRA RELIGIOSA DE MOSQUERA', 9, 1991, 2, 'LIBRO DIGITAL', 5),
(1684, 'GEOMETRIA VECTORIAL CON APLICACIONES', 6, 2010, 1, 'FORMATO FISICO', 7),
(1685, 'CD EL LIBRO MENOR LA NATURALEZA DEL SER', 6, 1993, 2, 'LIBRO DIGITAL', 6),
(1686, 'LA RELACION CON EL OTRO', 4, 2007, 1, 'FORMATO FISICO', 2),
(1687, 'CIERRA LOS OJOS Y LANZATE', 1, 2009, 2, 'LIBRO DIGITAL', 7),
(1688, 'SIN TETAS NO HAY PARAISO', 2, 2002, 2, 'LIBRO DIGITAL', 3),
(1689, 'HISTORIA UNIVERSAL DE LA INFAMIA', 10, 2012, 1, 'FORMATO FISICO', 3),
(1690, 'EL ALEPH', 7, 1984, 2, 'LIBRO DIGITAL', 9),
(1691, 'HISTORIA DE LA ETERNIDAD', 5, 2012, 1, 'FORMATO FISICO', 3),
(1692, 'ORGULLO Y PREJUICIO', 4, 1993, 1, 'FORMATO FISICO', 5),
(1693, 'EL VIEJO Y EL MAR', 5, 1984, 1, 'FORMATO FISICO', 10),
(1694, 'EL FILO DE LA NAVAJA', 10, 2009, 1, 'FORMATO FISICO', 10),
(1695, 'LA CASA DE LOS ESPIRITUS', 7, 1998, 2, 'LIBRO DIGITAL', 4),
(1696, 'LA CIUDAD DE LAS BESTIAS', 2, 1995, 1, 'FORMATO FISICO', 3),
(1697, 'PAULA', 6, 1985, 2, 'LIBRO DIGITAL', 10),
(1698, 'RETRATO EN SEPIA', 3, 1996, 1, 'FORMATO FISICO', 8),
(1699, 'CUENTOS DE EVA LUNA', 2, 2010, 2, 'LIBRO DIGITAL', 4),
(1700, 'EL HACEDOR', 5, 1993, 1, 'FORMATO FISICO', 3),
(1701, 'EL INFORME DE BRODIE', 3, 2003, 2, 'LIBRO DIGITAL', 9),
(1702, 'DIARIO', 6, 1989, 2, 'LIBRO DIGITAL', 8),
(1703, 'FAHRENHEIT 451', 10, 1995, 2, 'LIBRO DIGITAL', 4),
(1704, 'GRANDES ESPERANZAS', 5, 2002, 2, 'LIBRO DIGITAL', 5),
(1705, 'BASTA DE HISTORIAS', 9, 2007, 2, 'LIBRO DIGITAL', 8),
(1706, 'STEVE JOBS', 9, 2015, 2, 'LIBRO DIGITAL', 5),
(1707, 'LA FISICA DEL FUTURO', 7, 1992, 2, 'LIBRO DIGITAL', 8),
(1708, 'CIVILIZACION', 1, 2016, 2, 'LIBRO DIGITAL', 8),
(1709, 'CICLOS DEL TIEMPO', 8, 2004, 1, 'FORMATO FISICO', 10),
(1710, 'COMPENDIO ILUSTRADO Y AZAROSO DE TODO LO', 3, 2004, 1, 'FORMATO FISICO', 5),
(1711, 'LA CONFESION', 1, 1994, 1, 'FORMATO FISICO', 4),
(1712, 'JUEGO DE TRONOS 1', 10, 1997, 1, 'FORMATO FISICO', 4),
(1713, 'CHOQUE DE REYES', 9, 2014, 2, 'LIBRO DIGITAL', 5),
(1714, 'TORMENTA DE ESPADAS', 4, 1980, 2, 'LIBRO DIGITAL', 7),
(1715, 'FESTIN DE CUERVOS', 4, 2009, 1, 'FORMATO FISICO', 10),
(1716, 'DANZA DE DRAGONES', 7, 1983, 1, 'FORMATO FISICO', 8),
(1717, 'AMOR', 3, 1998, 1, 'FORMATO FISICO', 4),
(1718, 'LA CAIDA DE LOS GIGANTES', 10, 2000, 2, 'LIBRO DIGITAL', 6),
(1719, 'DOCTOR SUEÑO', 4, 2008, 1, 'FORMATO FISICO', 1),
(1720, 'EL JUEGO DE RIPPER', 8, 2017, 1, 'FORMATO FISICO', 10),
(1721, 'DISPARA YO YA ESTOY MUERTO', 5, 2001, 2, 'LIBRO DIGITAL', 10),
(1722, 'ISABEL', 2, 2006, 2, 'LIBRO DIGITAL', 3),
(1723, 'EL ECO DE LAS MENTIRAS', 8, 1980, 1, 'FORMATO FISICO', 9),
(1724, 'ALEPH', 9, 2001, 2, 'LIBRO DIGITAL', 1),
(1725, 'EL PODER DEL AHORA', 2, 1997, 2, 'LIBRO DIGITAL', 4),
(1726, 'COMO CONSTRUIR LA CARRERA DE SU VIDA', 1, 2014, 1, 'FORMATO FISICO', 9),
(1727, 'CINCUENTA SOMBRAS MAS OSCURAS', 2, 2018, 1, 'FORMATO FISICO', 9),
(1728, 'CLEAN', 6, 1986, 1, 'FORMATO FISICO', 8),
(1729, 'EL EROTISMO INFINITO', 7, 2004, 2, 'LIBRO DIGITAL', 10),
(1730, 'UNA NUEVA TIERRA', 9, 1990, 1, 'FORMATO FISICO', 3),
(1731, 'CINCUENTA SOMBRAS LIBERADAS', 1, 2011, 2, 'LIBRO DIGITAL', 9),
(1732, 'LOS GRANDES JUEGAN HERIDOS', 8, 1988, 2, 'LIBRO DIGITAL', 2),
(1733, 'EL CEMENTERIO DE PRAGA', 5, 2009, 2, 'LIBRO DIGITAL', 1),
(1734, 'CUENTOS COMPLETOS', 1, 2011, 2, 'LIBRO DIGITAL', 10),
(1735, 'DICTADORAS LAS MUJERES DE LOS HOMBRES MA', 1, 2018, 2, 'LIBRO DIGITAL', 1),
(1736, 'DIARIOS', 8, 2003, 1, 'FORMATO FISICO', 7),
(1737, 'LA VIDA DE LAS MUJERES', 1, 1992, 2, 'LIBRO DIGITAL', 4),
(1738, 'EL BAJO ALBERTI', 6, 2014, 2, 'LIBRO DIGITAL', 9),
(1739, 'ESOS EXTRAÑOS PROFUGOS DE OCCIDENTE', 6, 1980, 2, 'LIBRO DIGITAL', 6),
(1740, 'UN ALGEBRA EMBRUJADA', 8, 1986, 1, 'FORMATO FISICO', 10),
(1741, 'AMERICA MESTIZA', 10, 1987, 1, 'FORMATO FISICO', 4),
(1742, 'LAS AURORAS DE SANGRE', 7, 2018, 2, 'LIBRO DIGITAL', 7),
(1743, 'LA SERPIENTE SIN OJOS', 7, 2004, 1, 'FORMATO FISICO', 5),
(1744, 'LA LAMPARA MARAVILLOSA', 8, 1993, 1, 'FORMATO FISICO', 9),
(1745, 'TIERRA QUEMADA', 4, 2002, 1, 'FORMATO FISICO', 5),
(1746, 'COLOMBIA DONDE EL VERDE ES DE TODOS LOS', 4, 1994, 2, 'LIBRO DIGITAL', 6),
(1747, 'CEVDET BEY E HIJOS', 8, 1995, 2, 'LIBRO DIGITAL', 1),
(1748, 'LLUVIA DE PLATA Y OTRAS NOTICIAS', 9, 2007, 2, 'LIBRO DIGITAL', 3),
(1749, 'COMO GANAR AMIGOS E INFLUIR SOBRE LAS PE', 1, 1995, 1, 'FORMATO FISICO', 2),
(1750, 'COMO SUPRIMIR LAS PREOCUPACIONES Y DISFR', 7, 1996, 2, 'LIBRO DIGITAL', 8),
(1751, 'BLANCO NOCTURNO', 1, 2017, 2, 'LIBRO DIGITAL', 10),
(1752, 'LA TRILOGIA DE NUEVA YORK', 3, 1994, 2, 'LIBRO DIGITAL', 8),
(1753, 'TRAS LAS LINEAS', 10, 1993, 1, 'FORMATO FISICO', 4),
(1754, 'LA MAQUINA DE FOLLAR', 2, 2018, 2, 'LIBRO DIGITAL', 4),
(1755, 'HOLLIYWOOD', 4, 2015, 1, 'FORMATO FISICO', 10),
(1756, 'LOLITA', 7, 1983, 1, 'FORMATO FISICO', 9),
(1757, 'UNA HISTORIA SEMCILLA', 2, 1998, 2, 'LIBRO DIGITAL', 6),
(1758, 'ENSAYO DE INTERPRETACION', 9, 1986, 1, 'FORMATO FISICO', 4),
(1759, 'HISTORIAS HUMANAS DE PERROS Y GATOS', 7, 2016, 2, 'LIBRO DIGITAL', 10),
(1760, 'GABO CUATRO AÑOS DE SOLEDAD', 8, 2018, 2, 'LIBRO DIGITAL', 7),
(1761, 'EL 5 - 0', 7, 1980, 1, 'FORMATO FISICO', 1),
(1762, 'GABITO EL NIÑO QUE SOÑO A MACONDO', 9, 2011, 1, 'FORMATO FISICO', 3),
(1763, 'COLOMBIA MUNDIAL DE URUGUAY 1930', 7, 2008, 1, 'FORMATO FISICO', 10),
(1764, 'ELDEST', 1, 2017, 1, 'FORMATO FISICO', 3),
(1765, 'ERAGON', 5, 2006, 2, 'LIBRO DIGITAL', 9),
(1766, 'LEGADO', 3, 1999, 2, 'LIBRO DIGITAL', 7),
(1767, 'METAGENEALOGIA', 4, 2000, 2, 'LIBRO DIGITAL', 4),
(1768, 'LA RECETA DE LA FELICIDAD', 10, 2008, 2, 'LIBRO DIGITAL', 5),
(1769, 'LA GERENCIA EFECTIVA', 1, 1996, 2, 'LIBRO DIGITAL', 4),
(1770, 'LA TORRE OSCURA I EL PISTOLERO', 6, 1987, 2, 'LIBRO DIGITAL', 4),
(1771, 'LA TORRE OSCURA II LA LLEGADA DE LOS TRE', 9, 2014, 2, 'LIBRO DIGITAL', 5),
(1772, 'LA TORRE OSCURA III LAS TIERRAS BALDIAS', 7, 1987, 2, 'LIBRO DIGITAL', 9),
(1773, 'LA TORRE OSCURA IV', 3, 1988, 1, 'FORMATO FISICO', 1),
(1774, 'LATORRE OSCURA V LOBOS DEL CALLA', 3, 2005, 2, 'LIBRO DIGITAL', 1),
(1775, 'TUS ZONAS MAGICAS', 10, 2004, 2, 'LIBRO DIGITAL', 6),
(1776, 'LA TORRE OSCURA VI CANCION DE SUSANNAH', 5, 2005, 2, 'LIBRO DIGITAL', 9),
(1777, 'LATORRE OSCURA VII LA TORRE OSCURA', 6, 2007, 2, 'LIBRO DIGITAL', 6),
(1778, 'ANTOLOGIA DE LA LITERATURA FANTASTICA', 6, 2010, 2, 'LIBRO DIGITAL', 4),
(1779, 'DE LOS ESPEJOS Y OTROS ENSAYOS', 3, 2002, 1, 'FORMATO FISICO', 4),
(1780, 'VEN OTRA VEZ VEN', 5, 2000, 1, 'FORMATO FISICO', 9),
(1781, 'ESTUCHE OBRA COMPLETA KAFKA', 7, 1993, 1, 'FORMATO FISICO', 6),
(1782, 'EICHMANN EN JERUSALEN', 1, 1983, 2, 'LIBRO DIGITAL', 5),
(1783, 'STEVE JOBS', 1, 1991, 1, 'FORMATO FISICO', 9),
(1784, 'EL SEGUNDO SEXO', 1, 1998, 2, 'LIBRO DIGITAL', 10),
(1785, 'UN MUNDO FELIZ', 6, 2007, 2, 'LIBRO DIGITAL', 2),
(1786, 'DESCUBRE TU DESTINO CON EL MONJE QUE VEN', 3, 2012, 1, 'FORMATO FISICO', 5),
(1787, 'EL SINDROME DE ULISES', 10, 1982, 1, 'FORMATO FISICO', 1),
(1788, 'POESIA COMPLETA', 1, 1984, 2, 'LIBRO DIGITAL', 2),
(1789, 'EVANGELIOS PARA SANAR', 9, 1989, 2, 'LIBRO DIGITAL', 7),
(1790, 'SENTIDO Y SENSIBILIDAD', 7, 1980, 1, 'FORMATO FISICO', 2),
(1791, 'LA TEORIA DEL TODO', 3, 1993, 2, 'LIBRO DIGITAL', 3),
(1792, 'LA TRAMPA', 4, 1984, 1, 'FORMATO FISICO', 4),
(1793, 'ASPECTOS CONSTITUCIONALES DEL CONTROL FI', 2, 2018, 2, 'LIBRO DIGITAL', 6),
(1794, 'REFLEXION ACCION EN DISEÑO DE VESTUARIO', 8, 2001, 1, 'FORMATO FISICO', 2),
(1795, 'PROBLEMAS CONTEMPORANEOS DEL DERECHO 2', 4, 2007, 2, 'LIBRO DIGITAL', 6),
(1796, 'VESTIDOS PARA EL ALMA', 4, 1995, 2, 'LIBRO DIGITAL', 1),
(1797, 'CRONICAS BONITA DELGADA MAS DELGADA MAS', 4, 1989, 2, 'LIBRO DIGITAL', 2),
(1798, 'PERMANENCIA CRITICA EN LA EDUCACION SUPE', 7, 1995, 2, 'LIBRO DIGITAL', 1),
(1799, 'INSERCION LABORAL DE JOVENES PROFESIONAL', 9, 1989, 2, 'LIBRO DIGITAL', 2),
(1800, 'ANALISIS AL PROCESO ARBITRAL', 7, 1993, 2, 'LIBRO DIGITAL', 7),
(1801, 'ESTUDIO DE REGLAS Y SUBREGLAS JURIDICAS', 4, 2009, 1, 'FORMATO FISICO', 1),
(1802, 'APUNTES SOBLE OBLIGACIONES Y CONTRATOS', 6, 1982, 2, 'LIBRO DIGITAL', 4),
(1803, 'DETERMINISMO PSIQUICO RESPONSABILIDAD MO', 4, 1986, 1, 'FORMATO FISICO', 9),
(1804, 'CRONICAS LE GUIÑO UN OJO VOLTEO LA ESQUI', 7, 2008, 2, 'LIBRO DIGITAL', 4),
(1805, 'ESCRITOS DE FLOR ALBA CANO', 4, 1985, 2, 'LIBRO DIGITAL', 9),
(1806, 'REFERENTES DE LA RELACION EDUCACION SUPE', 1, 1983, 2, 'LIBRO DIGITAL', 6),
(1807, 'LA RELACION CIDADANA DE INCONSTITUCIONAL', 6, 2007, 1, 'FORMATO FISICO', 10),
(1808, 'ROSTROS DE LA EVALUACION DEL APRENDIZAJE', 5, 2013, 1, 'FORMATO FISICO', 9),
(1809, 'ABORDAJES 2 PSICOANALITICOS A INQUIETUD', 7, 1997, 1, 'FORMATO FISICO', 10),
(1810, 'OTRA OPORTUNIDAD', 10, 2015, 1, 'FORMATO FISICO', 3),
(1811, 'EN UNIDAD CON LA VIDA', 5, 2017, 2, 'LIBRO DIGITAL', 5),
(1812, 'LA REINA DESCALZA', 3, 2003, 2, 'LIBRO DIGITAL', 2),
(1813, 'EN EL LIMITE', 9, 1992, 2, 'LIBRO DIGITAL', 9),
(1814, 'LAS VALKIRIAS', 3, 1980, 2, 'LIBRO DIGITAL', 2),
(1815, 'TOMA UN CAFE CONTIGO MISMO', 3, 1993, 1, 'FORMATO FISICO', 9),
(1816, 'VIVIR PELIGROSAMENTE EN TIEMPOS EXTRAORD', 4, 1989, 1, 'FORMATO FISICO', 6),
(1817, 'TAREAS SIN PELEAS', 2, 1985, 1, 'FORMATO FISICO', 3),
(1818, 'COMO MANDAR A LA GENTE AL CARAJO', 1, 1990, 1, 'FORMATO FISICO', 6),
(1819, 'EL RESPLANDOR', 5, 2004, 2, 'LIBRO DIGITAL', 4),
(1820, 'CEREBRO DE PAN', 8, 2013, 2, 'LIBRO DIGITAL', 8),
(1821, 'EL LADO PROFUNDO DE LA VIDA', 7, 1987, 1, 'FORMATO FISICO', 9),
(1822, 'SOBRE EL CIELO Y LA TIERRA', 2, 1985, 2, 'LIBRO DIGITAL', 10),
(1823, 'EL FIN DEL PODER', 5, 2016, 2, 'LIBRO DIGITAL', 3),
(1824, 'LA GUERRA Y LA PAZ', 3, 2004, 2, 'LIBRO DIGITAL', 9),
(1825, 'LA VEJEZ', 4, 2017, 1, 'FORMATO FISICO', 4),
(1826, 'CUENTOS', 9, 2004, 1, 'FORMATO FISICO', 10),
(1827, 'TODO LO QUE PUEDAS IMAGINAR', 5, 2010, 2, 'LIBRO DIGITAL', 9),
(1828, 'CUENTOS', 7, 2008, 2, 'LIBRO DIGITAL', 3),
(1829, 'AMISTAD DE JUVENTUD', 2, 2018, 2, 'LIBRO DIGITAL', 4),
(1830, 'DIME QUIEN SOY', 10, 1999, 1, 'FORMATO FISICO', 3),
(1831, 'POR QUIEN DOBLAN LAS CAMPANAS', 10, 2001, 1, 'FORMATO FISICO', 2),
(1832, 'LADRONA DE LIBROS', 8, 2008, 1, 'FORMATO FISICO', 2),
(1833, 'CINCO ECUACIONES QUE CAMBIARON AL MUNDO', 5, 1990, 1, 'FORMATO FISICO', 1),
(1834, 'EL CICLO DEL HOMBRE LOBO', 7, 1990, 1, 'FORMATO FISICO', 1),
(1835, 'EVA LUNA', 3, 1997, 2, 'LIBRO DIGITAL', 2),
(1836, 'LA CATEDRAL DEL MAR', 4, 2000, 2, 'LIBRO DIGITAL', 9),
(1837, 'EL CUADERNO DE MAYA', 9, 1988, 2, 'LIBRO DIGITAL', 2),
(1838, 'VIAJE HACIA EL BIENESTAR', 9, 2008, 2, 'LIBRO DIGITAL', 7),
(1839, 'DUERMETE NIÑO', 1, 1990, 1, 'FORMATO FISICO', 6),
(1840, 'SOBRE LA MUERTE Y LOS MORIBUNDOS', 2, 1998, 2, 'LIBRO DIGITAL', 2),
(1841, 'JUVENTUD', 1, 2018, 2, 'LIBRO DIGITAL', 1),
(1842, 'TUS ZONAS SAGRADAS', 8, 1996, 1, 'FORMATO FISICO', 4),
(1843, 'VERANO', 5, 1990, 2, 'LIBRO DIGITAL', 10),
(1844, 'CUENTOS IMPRESCINDIBLES', 3, 2012, 2, 'LIBRO DIGITAL', 7),
(1845, 'EINSTEIN PARA DESPISTADOS', 6, 2009, 2, 'LIBRO DIGITAL', 1),
(1846, 'CINCUENTA SOMBRAS DE GREY', 5, 2016, 2, 'LIBRO DIGITAL', 9),
(1847, 'CINCUENTA SOMBRAS MAS OSCURAS', 8, 1999, 1, 'FORMATO FISICO', 2),
(1848, 'CINCUENTA SOMBRAS LIBERADAS', 1, 1981, 1, 'FORMATO FISICO', 9),
(1849, 'CARRIE', 5, 2012, 2, 'LIBRO DIGITAL', 10),
(1850, 'LA MUJER ROTA', 8, 1995, 2, 'LIBRO DIGITAL', 3),
(1851, 'ORIENTALISMO', 6, 1995, 1, 'FORMATO FISICO', 1),
(1852, 'DESARREGLATE', 8, 2000, 1, 'FORMATO FISICO', 1),
(1853, 'ETICA PARA LA EMPRESA', 1, 2004, 1, 'FORMATO FISICO', 2),
(1854, 'LA LEGION DE LOS INMORTALES', 5, 2015, 2, 'LIBRO DIGITAL', 3),
(1855, 'EL ULTIMO INQUISIDOR', 2, 1991, 2, 'LIBRO DIGITAL', 7),
(1856, 'FUTBOL DE AYER Y DE HOY', 1, 1980, 1, 'FORMATO FISICO', 10),
(1857, 'SU SEGUNDA OPORTUNIDAD', 3, 1985, 2, 'LIBRO DIGITAL', 5),
(1858, 'ADULTERIO', 2, 1999, 1, 'FORMATO FISICO', 8),
(1859, 'GLOBALIZACION LIBRE COMERCIO Y SALUD', 10, 1982, 1, 'FORMATO FISICO', 2),
(1860, 'TRASTORNO DISOCIAL', 4, 2015, 2, 'LIBRO DIGITAL', 9),
(1861, 'EL MUNDO DE LA PSICOLOGIA', 9, 2000, 1, 'FORMATO FISICO', 7),
(1862, 'PSICOLOGIA JURIDICA IBEROAMERICANA', 4, 2001, 2, 'LIBRO DIGITAL', 1),
(1863, 'LOS MODOS DE SER INAUTENTICOS', 2, 1981, 2, 'LIBRO DIGITAL', 3),
(1864, 'SER TERAPEUTA', 1, 1998, 2, 'LIBRO DIGITAL', 1),
(1865, 'PROCESO DE LA INVESTIGACION CUAL ITATIVA', 9, 2002, 1, 'FORMATO FISICO', 4),
(1866, 'MEDIACION PERSPECTIVAS DESDE LA PSICOLOG', 6, 1990, 1, 'FORMATO FISICO', 8),
(1867, 'CLINICA PSICOANALITICA', 7, 2007, 2, 'LIBRO DIGITAL', 3),
(1868, 'MANUAL DE PSICOTERAPIA CON ENFOQUE LOGO', 9, 2015, 2, 'LIBRO DIGITAL', 1),
(1869, 'HISTORIA DE LA PSICOLOGIA EN COLOMBIA', 3, 1986, 1, 'FORMATO FISICO', 8),
(1870, 'PSICOPATOLOGIA FORENSE COMPORTAMIENTO HU', 6, 1996, 2, 'LIBRO DIGITAL', 7),
(1871, 'POETAS FRANCISCANOS DE COLOMBIA SIGLO XX', 9, 2012, 1, 'FORMATO FISICO', 7),
(1872, 'RAFAEL POMBO SUS MEJORES CUENTOS', 10, 2002, 1, 'FORMATO FISICO', 4),
(1873, 'DIPLOMADO EN INVESTIGACION EN EL CONTEXT', 1, 1998, 2, 'LIBRO DIGITAL', 4),
(1874, 'LA POESIA DE SAFO SERIE FILOSOFIA # 7', 1, 1986, 2, 'LIBRO DIGITAL', 1),
(1875, 'SEDA', 4, 1987, 1, 'FORMATO FISICO', 10),
(1876, 'OSCUROS', 3, 1984, 2, 'LIBRO DIGITAL', 3),
(1877, 'OSCUROS EL PODER DE LAS SOMBRAS', 4, 1980, 1, 'FORMATO FISICO', 7),
(1878, 'OSCUROS LA ETERNIDAD DE UN DIA', 4, 2018, 1, 'FORMATO FISICO', 6),
(1879, 'PATAS ARRIBA LA ESCUELA DEL MUNDO AL REV', 5, 2013, 1, 'FORMATO FISICO', 4),
(1880, 'INTERVENCION EN CRISIS', 9, 2008, 2, 'LIBRO DIGITAL', 5),
(1881, 'TRASTORNOS DE PERSONALIDAD EN NIÑOS Y AD', 9, 1983, 2, 'LIBRO DIGITAL', 8),
(1882, 'EL CIELO ES EL LIMITE', 8, 2012, 2, 'LIBRO DIGITAL', 7),
(1883, 'ALGUNAS NUBES', 10, 1984, 1, 'FORMATO FISICO', 9),
(1884, 'NEUROPSICOLOGIA DE LOS TRASTORNOS DEL AP', 4, 2010, 2, 'LIBRO DIGITAL', 8),
(1885, 'METODOS DE INVESTIGACION Y ESTADISTICA E', 9, 2012, 1, 'FORMATO FISICO', 7),
(1886, 'NEUROPSICOLOGIA CLINICA', 9, 1998, 2, 'LIBRO DIGITAL', 6),
(1887, 'PSICODIAGNOSTICO CLINICO DEL NIÑO 3 ED', 8, 1980, 1, 'FORMATO FISICO', 9),
(1888, 'TRASTORNO POR DEFICIT DE ATENCION CON HI', 7, 2015, 1, 'FORMATO FISICO', 8),
(1889, 'TDAH EN ADULTOS UNA GUIA PSICOLOGICA PAR', 1, 2010, 1, 'FORMATO FISICO', 4),
(1890, 'PROBLEMAS DE ATENCION UN PROGRAMA PARA S', 7, 1982, 1, 'FORMATO FISICO', 5),
(1891, 'PROBLEMAS DE MEMORIA UN PROGRAMA PARA LA', 10, 2003, 1, 'FORMATO FISICO', 6),
(1892, 'PROBLEMAS DE LENGUAJE UN PROGRAMA PARA S', 9, 2017, 1, 'FORMATO FISICO', 9),
(1893, 'CUANTA GLOBALIZACION PODEMOS SOPORTAR', 8, 1984, 1, 'FORMATO FISICO', 3),
(1894, 'DESENCUENTROS', 5, 1994, 1, 'FORMATO FISICO', 1),
(1895, 'BIOGRAFIA DEL POETA MAHOMA', 6, 2009, 2, 'LIBRO DIGITAL', 3),
(1896, 'QUE ES LA MISION', 8, 1987, 2, 'LIBRO DIGITAL', 8),
(1897, 'MISION CRISTIANA Y RESPONSABILIDAD SOCIA', 7, 1995, 1, 'FORMATO FISICO', 4),
(1898, 'MISION CRISTIANA Y RESPONSABILIDAD SOCIA', 6, 2001, 2, 'LIBRO DIGITAL', 2),
(1899, 'MISION CRISTIANA Y RESPONSABILIDAD SOCIA', 2, 2013, 1, 'FORMATO FISICO', 8),
(1900, 'ROMPAMOS EL SILENCIO PREVENCION Y TRATAM', 4, 1984, 1, 'FORMATO FISICO', 5),
(1901, 'PSICOLOGIA PASTORAL PARA EL SER HUMANO I', 7, 1987, 2, 'LIBRO DIGITAL', 10),
(1902, 'PSICOLOGIA PASTORAL DE LA IGLESIA', 10, 1995, 2, 'LIBRO DIGITAL', 5),
(1903, 'LA INTELIGENCIA EMOCIONAL EN LA EMPRESA', 9, 2011, 1, 'FORMATO FISICO', 9),
(1904, 'CONTRALUZ', 9, 1985, 1, 'FORMATO FISICO', 4),
(1905, 'NARCISO Y GOLDMUNDO', 4, 1996, 2, 'LIBRO DIGITAL', 1),
(1906, 'COMO DISFRUTAR DE LA VIDA Y EL TRABAJO', 10, 2009, 2, 'LIBRO DIGITAL', 4),
(1907, 'LA PLENITUD DE LA VIDA', 10, 1999, 2, 'LIBRO DIGITAL', 8),
(1908, 'CONTRA LA INTERPRETACION Y OTROS ENSAYOS', 7, 2000, 2, 'LIBRO DIGITAL', 6),
(1909, 'FICCIONES', 4, 1998, 2, 'LIBRO DIGITAL', 6),
(1910, 'GENTE TOXICA', 3, 2010, 1, 'FORMATO FISICO', 7),
(1911, 'UN EVANGELIO SEGUN FRANCISCO', 6, 1993, 1, 'FORMATO FISICO', 5),
(1912, 'FOCUS', 9, 2001, 1, 'FORMATO FISICO', 1),
(1913, 'PSYCHONOMICS', 8, 1991, 1, 'FORMATO FISICO', 6),
(1914, 'DESPUES DEL TERREMOTO', 10, 1984, 1, 'FORMATO FISICO', 4),
(1915, 'DESTEJIENDO EL ARCO IRIS', 5, 1989, 1, 'FORMATO FISICO', 1),
(1916, 'CUADERNOS 1957 1972', 10, 1988, 1, 'FORMATO FISICO', 2),
(1917, 'DEMOSTRANDO A DARWIN', 2, 1988, 2, 'LIBRO DIGITAL', 10),
(1918, 'EL AMANTE', 4, 1980, 1, 'FORMATO FISICO', 7),
(1919, 'PSICOLOGIA PASTORAL DE LA DEPRESION', 8, 1999, 2, 'LIBRO DIGITAL', 5),
(1920, 'CAMINAR CON LOS POBRES', 9, 1995, 1, 'FORMATO FISICO', 1),
(1921, 'MANUAL DEL GUERRERO', 3, 1990, 1, 'FORMATO FISICO', 10),
(1922, 'PARA MI AMADA LOS MAS SELECTOS POEMAS', 6, 2007, 1, 'FORMATO FISICO', 9),
(1923, 'BENJAMIN FRANKLIN TOMO I Y II', 8, 2006, 1, 'FORMATO FISICO', 5),
(1924, 'POEMAS UNIVERSALES', 9, 1993, 2, 'LIBRO DIGITAL', 6),
(1925, 'LO QUE DIJO JESUS', 9, 1989, 1, 'FORMATO FISICO', 4),
(1926, 'ARIES', 6, 1983, 2, 'LIBRO DIGITAL', 7),
(1927, 'CAPRICORNIO', 7, 2011, 1, 'FORMATO FISICO', 3),
(1928, 'LIBRA', 10, 1997, 1, 'FORMATO FISICO', 6),
(1929, 'ACUARIO', 10, 1986, 2, 'LIBRO DIGITAL', 4),
(1930, 'ESCORPIO', 7, 1997, 2, 'LIBRO DIGITAL', 7),
(1931, 'LA SANTA BIBLIA ILUSTRADA', 3, 2016, 1, 'FORMATO FISICO', 2),
(1932, 'CHE GUEVARA EL PENSAMIENTO VIVO', 5, 1981, 1, 'FORMATO FISICO', 1),
(1933, 'LAS MAS BELLAS ORACIONES DEL MUNDO', 8, 2005, 1, 'FORMATO FISICO', 4),
(1934, 'DON QUIJOTE DE LA MANCHA TOMO I', 9, 1992, 1, 'FORMATO FISICO', 4),
(1935, 'DON QUIJOTE DE LA MANCHA TOMO II', 2, 1997, 1, 'FORMATO FISICO', 8),
(1936, 'LAS AVENTURAS DE PINOCHO', 8, 1980, 2, 'LIBRO DIGITAL', 6),
(1937, 'OSHO SABIDURIA', 7, 2016, 1, 'FORMATO FISICO', 2),
(1938, 'AL ENCUENTRO DE LOS ANGELES', 2, 1993, 2, 'LIBRO DIGITAL', 1),
(1939, 'EL ARTE DE AMAR', 10, 2005, 1, 'FORMATO FISICO', 4),
(1940, 'SINONIMOS Y ANTONIMOS', 2, 2016, 1, 'FORMATO FISICO', 3),
(1941, 'DICCIONARIO ESPAÑOL INGLES', 8, 2013, 2, 'LIBRO DIGITAL', 9),
(1942, 'DICTIONARY ENGLISH SPANISH', 2, 1991, 2, 'LIBRO DIGITAL', 9),
(1943, 'GENESIS', 9, 1990, 1, 'FORMATO FISICO', 10),
(1944, 'EL PROFETA EL LOCO LA PROCESION', 1, 2015, 2, 'LIBRO DIGITAL', 9),
(1945, 'FUTBOL EL DEPORTE REY TOMO II', 6, 1989, 2, 'LIBRO DIGITAL', 10),
(1946, 'MADRE SIEMPRE BELLA', 9, 1989, 1, 'FORMATO FISICO', 2),
(1947, 'FUTBOL EL DEPORTE REY', 7, 1992, 1, 'FORMATO FISICO', 8),
(1948, 'DICCIONARIO DE MARKETING', 1, 2008, 1, 'FORMATO FISICO', 8),
(1949, 'LA PAREJA PERFECTA', 4, 1986, 2, 'LIBRO DIGITAL', 9),
(1950, 'INTELIGENCIA EMOCIONAL', 2, 2016, 1, 'FORMATO FISICO', 2),
(1951, 'SERENIDAD', 1, 2018, 1, 'FORMATO FISICO', 5),
(1952, 'EL AMOR', 4, 1992, 2, 'LIBRO DIGITAL', 4),
(1953, 'GLOBOTOMIA', 8, 2002, 1, 'FORMATO FISICO', 6),
(1954, 'EL IMPERIO INSACIABLE', 1, 2012, 1, 'FORMATO FISICO', 6),
(1955, 'LA REINVENCION DE LA POLITICA', 8, 2006, 2, 'LIBRO DIGITAL', 4),
(1956, 'LAS PREGUNTAS DE LA VIDA', 4, 1998, 1, 'FORMATO FISICO', 9),
(1957, 'SENSACION Y PERCEPCION', 3, 2001, 2, 'LIBRO DIGITAL', 3),
(1958, 'LAS MUJERES DE LA BIBLIA', 6, 1980, 1, 'FORMATO FISICO', 2),
(1959, 'EL ARTE DE LA MEDITACION TOMO I', 9, 1983, 1, 'FORMATO FISICO', 7),
(1960, 'PROGRAMACION NEUROLINGUISTICA TOMO I', 4, 1983, 1, 'FORMATO FISICO', 3),
(1961, 'PROGRAMACION NEUROLINGUISTICA TOMO II', 4, 1996, 2, 'LIBRO DIGITAL', 9);

-- --------------------------------------------------------

--
-- Estructura de tabla para la tabla `mora`
--

CREATE TABLE `mora` (
  `idMora` int(255) NOT NULL,
  `idPrestamoLibro` int(255) NOT NULL,
  `cantidadMora` double(10,2) NOT NULL,
  `moraCancelada` varchar(2) NOT NULL,
  `fechaPagoMora` date NOT NULL
) ENGINE=InnoDB DEFAULT CHARSET=latin1;

-- --------------------------------------------------------

--
-- Estructura de tabla para la tabla `nivel_user`
--

CREATE TABLE `nivel_user` (
  `idNuvelUser` int(1) NOT NULL,
  `nivel` varchar(50) COLLATE utf8_spanish2_ci NOT NULL
) ENGINE=InnoDB DEFAULT CHARSET=utf8 COLLATE=utf8_spanish2_ci;

--
-- Volcado de datos para la tabla `nivel_user`
--

INSERT INTO `nivel_user` (`idNuvelUser`, `nivel`) VALUES
(1, 'ADMINISTRADOR'),
(2, 'ESTUDIANTE'),
(3, 'INVITADO');

-- --------------------------------------------------------

--
-- Estructura de tabla para la tabla `prestamo_libro`
--

CREATE TABLE `prestamo_libro` (
  `idPrestamoLibro` int(22) NOT NULL,
  `idAlumno` int(22) NOT NULL,
  `idLibro` int(22) NOT NULL,
  `fechaPrestamo` date NOT NULL,
  `fechaEntrega` date NOT NULL,
  `prestamoSolvente` varchar(200) COLLATE utf8_spanish2_ci NOT NULL,
  `fechaLimite` date NOT NULL
) ENGINE=InnoDB DEFAULT CHARSET=utf8 COLLATE=utf8_spanish2_ci;

--
-- Volcado de datos para la tabla `prestamo_libro`
--

INSERT INTO `prestamo_libro` (`idPrestamoLibro`, `idAlumno`, `idLibro`, `fechaPrestamo`, `fechaEntrega`, `prestamoSolvente`, `fechaLimite`) VALUES
(1, 2, 753, '2019-10-13', '0000-00-00', 'Insolvente', '2019-10-15');

-- --------------------------------------------------------

--
-- Estructura de tabla para la tabla `usuarios`
--

CREATE TABLE `usuarios` (
  `idUsuario` int(22) NOT NULL,
  `nombreUsuario` varchar(250) COLLATE utf8_spanish2_ci NOT NULL,
  `apellidoUsiario` varchar(250) COLLATE utf8_spanish2_ci NOT NULL,
  `pw` varchar(250) COLLATE utf8_spanish2_ci NOT NULL,
  `codCarnetUser` varchar(10) COLLATE utf8_spanish2_ci NOT NULL,
  `idNivelUser` int(1) NOT NULL
) ENGINE=InnoDB DEFAULT CHARSET=utf8 COLLATE=utf8_spanish2_ci;

--
-- Volcado de datos para la tabla `usuarios`
--

INSERT INTO `usuarios` (`idUsuario`, `nombreUsuario`, `apellidoUsiario`, `pw`, `codCarnetUser`, `idNivelUser`) VALUES
(1, 'ADMINISTRADOR', '', 'ARIA', '123456', 1),
(2, 'ESTUDIANTE', '', 'UNIMINUTO', '987654', 2),
(3, 'INVITADO', '', 'SHARE', '765637', 3);

--
-- Índices para tablas volcadas
--

--
-- Indices de la tabla `alumno`
--
ALTER TABLE `alumno`
  ADD PRIMARY KEY (`idAlumno`),
  ADD KEY `idCarrera` (`idCarrera`);

--
-- Indices de la tabla `autor`
--
ALTER TABLE `autor`
  ADD PRIMARY KEY (`idAutor`);

--
-- Indices de la tabla `carrera`
--
ALTER TABLE `carrera`
  ADD PRIMARY KEY (`idCarrera`);

--
-- Indices de la tabla `categoria`
--
ALTER TABLE `categoria`
  ADD PRIMARY KEY (`idCategoria`);

--
-- Indices de la tabla `editorial`
--
ALTER TABLE `editorial`
  ADD PRIMARY KEY (`idEditorial`);

--
-- Indices de la tabla `libro`
--
ALTER TABLE `libro`
  ADD PRIMARY KEY (`idLibro`),
  ADD KEY `libro-idEditorial` (`idEditorial`),
  ADD KEY `libro-idCategoria` (`idCategoria`),
  ADD KEY `indice_idAutor-libro` (`idAutor`);

--
-- Indices de la tabla `mora`
--
ALTER TABLE `mora`
  ADD PRIMARY KEY (`idMora`),
  ADD KEY `idPrestamoLibro` (`idPrestamoLibro`);

--
-- Indices de la tabla `nivel_user`
--
ALTER TABLE `nivel_user`
  ADD PRIMARY KEY (`idNuvelUser`);

--
-- Indices de la tabla `prestamo_libro`
--
ALTER TABLE `prestamo_libro`
  ADD PRIMARY KEY (`idPrestamoLibro`),
  ADD KEY `prestamoLibro_idAlumno` (`idAlumno`),
  ADD KEY `prestamoLibro_idLibro` (`idLibro`);

--
-- Indices de la tabla `usuarios`
--
ALTER TABLE `usuarios`
  ADD PRIMARY KEY (`idUsuario`),
  ADD KEY `usuarios_idNivelUser` (`idNivelUser`);

--
-- AUTO_INCREMENT de las tablas volcadas
--

--
-- AUTO_INCREMENT de la tabla `alumno`
--
ALTER TABLE `alumno`
  MODIFY `idAlumno` int(22) NOT NULL AUTO_INCREMENT, AUTO_INCREMENT=101;

--
-- AUTO_INCREMENT de la tabla `autor`
--
ALTER TABLE `autor`
  MODIFY `idAutor` int(22) NOT NULL AUTO_INCREMENT, AUTO_INCREMENT=11;

--
-- AUTO_INCREMENT de la tabla `carrera`
--
ALTER TABLE `carrera`
  MODIFY `idCarrera` int(22) NOT NULL AUTO_INCREMENT, AUTO_INCREMENT=7;

--
-- AUTO_INCREMENT de la tabla `categoria`
--
ALTER TABLE `categoria`
  MODIFY `idCategoria` int(22) NOT NULL AUTO_INCREMENT, AUTO_INCREMENT=3;

--
-- AUTO_INCREMENT de la tabla `editorial`
--
ALTER TABLE `editorial`
  MODIFY `idEditorial` int(22) NOT NULL AUTO_INCREMENT, AUTO_INCREMENT=11;

--
-- AUTO_INCREMENT de la tabla `libro`
--
ALTER TABLE `libro`
  MODIFY `idLibro` int(22) NOT NULL AUTO_INCREMENT, AUTO_INCREMENT=1962;

--
-- AUTO_INCREMENT de la tabla `mora`
--
ALTER TABLE `mora`
  MODIFY `idMora` int(255) NOT NULL AUTO_INCREMENT;

--
-- AUTO_INCREMENT de la tabla `nivel_user`
--
ALTER TABLE `nivel_user`
  MODIFY `idNuvelUser` int(1) NOT NULL AUTO_INCREMENT, AUTO_INCREMENT=4;

--
-- AUTO_INCREMENT de la tabla `prestamo_libro`
--
ALTER TABLE `prestamo_libro`
  MODIFY `idPrestamoLibro` int(22) NOT NULL AUTO_INCREMENT, AUTO_INCREMENT=2;

--
-- AUTO_INCREMENT de la tabla `usuarios`
--
ALTER TABLE `usuarios`
  MODIFY `idUsuario` int(22) NOT NULL AUTO_INCREMENT, AUTO_INCREMENT=4;

--
-- Restricciones para tablas volcadas
--

--
-- Filtros para la tabla `alumno`
--
ALTER TABLE `alumno`
  ADD CONSTRAINT `alumno_ibfk_1` FOREIGN KEY (`idCarrera`) REFERENCES `carrera` (`idCarrera`);

--
-- Filtros para la tabla `libro`
--
ALTER TABLE `libro`
  ADD CONSTRAINT `libro_ibfk_1` FOREIGN KEY (`idEditorial`) REFERENCES `editorial` (`idEditorial`),
  ADD CONSTRAINT `libro_ibfk_2` FOREIGN KEY (`idCategoria`) REFERENCES `categoria` (`idCategoria`),
  ADD CONSTRAINT `libro_ibfk_3` FOREIGN KEY (`idAutor`) REFERENCES `autor` (`idAutor`);

--
-- Filtros para la tabla `mora`
--
ALTER TABLE `mora`
  ADD CONSTRAINT `mora_ibfk_1` FOREIGN KEY (`idPrestamoLibro`) REFERENCES `prestamo_libro` (`idPrestamoLibro`) ON DELETE CASCADE ON UPDATE CASCADE;

--
-- Filtros para la tabla `prestamo_libro`
--
ALTER TABLE `prestamo_libro`
  ADD CONSTRAINT `prestamo_libro_ibfk_1` FOREIGN KEY (`idAlumno`) REFERENCES `alumno` (`idAlumno`),
  ADD CONSTRAINT `prestamo_libro_ibfk_2` FOREIGN KEY (`idLibro`) REFERENCES `libro` (`idLibro`);

--
-- Filtros para la tabla `usuarios`
--
ALTER TABLE `usuarios`
  ADD CONSTRAINT `usuarios_ibfk_1` FOREIGN KEY (`idNivelUser`) REFERENCES `nivel_user` (`idNuvelUser`);
COMMIT;

/*!40101 SET CHARACTER_SET_CLIENT=@OLD_CHARACTER_SET_CLIENT */;
/*!40101 SET CHARACTER_SET_RESULTS=@OLD_CHARACTER_SET_RESULTS */;
/*!40101 SET COLLATION_CONNECTION=@OLD_COLLATION_CONNECTION */;
